Districts,District Name Clean,Electoral Name Clean,constituency,url,parent_district,divisions,Candidate_1,Party_1,Img_1,Candidate_2,Party_2,Img_2,Candidate_3,Party_3,Img_3,Candidate_4,Party_4,Img_4,Candidate_5,Party_5,Img_5
Panchagarh District,Panchagarh,Panchagarh,Panchagarh-1,https://en.wikipedia.org/wiki/Panchagarh-1,Panchagarh,Rangpur,,,,,,,,,,,,,,,
Panchagarh District,Panchagarh,Panchagarh,Panchagarh-2,https://en.wikipedia.org/wiki/Panchagarh-2,Panchagarh,Rangpur,,,,,,,,,,,,,,,
Thakurgaon District,Thakurgaon,Thakurgaon,Thakurgaon-1,https://en.wikipedia.org/wiki/Thakurgaon-1,Thakurgaon,Rangpur,Mirza Fakhrul Islam Alamgir,BNP,https://upload.wikimedia.org/wikipedia/commons/thumb/c/c9/Bangladesh_Nationalist_Party_election_symbol_Black_%26_White.svg/120px-Bangladesh_Nationalist_Party_election_symbol_Black_%26_White.svg.png,TBD,JP(E),https://upload.wikimedia.org/wikipedia/commons/thumb/b/b7/Symbol_of_Jatiya_Party.jpg/120px-Symbol_of_Jatiya_Party.jpg,Delwar Hossain,JI,https://upload.wikimedia.org/wikipedia/commons/thumb/f/f2/Daripalla.png/120px-Daripalla.png,,,,,,
Thakurgaon District,Thakurgaon,Thakurgaon,Thakurgaon-2,https://en.wikipedia.org/wiki/Thakurgaon-2,Thakurgaon,Rangpur,,,,,,,,,,,,,,,
Thakurgaon District,Thakurgaon,Thakurgaon,Thakurgaon-3,https://en.wikipedia.org/wiki/Thakurgaon-3,Thakurgaon,Rangpur,,,,,,,,,,,,,,,
Dinajpur District,Dinajpur,Dinajpur,Dinajpur-1,https://en.wikipedia.org/wiki/Dinajpur-1,Dinajpur,Rangpur,,,,,,,,,,,,,,,
Dinajpur District,Dinajpur,Dinajpur,Dinajpur-2,https://en.wikipedia.org/wiki/Dinajpur-2,Dinajpur,Rangpur,,,,,,,,,,,,,,,
Dinajpur District,Dinajpur,Dinajpur,Dinajpur-3,https://en.wikipedia.org/wiki/Dinajpur-3,Dinajpur,Rangpur,TBD,BNP,https://upload.wikimedia.org/wikipedia/commons/thumb/c/c9/Bangladesh_Nationalist_Party_election_symbol_Black_%26_White.svg/120px-Bangladesh_Nationalist_Party_election_symbol_Black_%26_White.svg.png,TBD,JP(E),https://upload.wikimedia.org/wikipedia/commons/thumb/b/b7/Symbol_of_Jatiya_Party.jpg/120px-Symbol_of_Jatiya_Party.jpg,Mainul Alam,JI,https://upload.wikimedia.org/wikipedia/commons/thumb/f/f2/Daripalla.png/120px-Daripalla.png,TBD,IAB,https://upload.wikimedia.org/wikipedia/commons/thumb/0/01/Symbol_of_Islami_Andolan_Bangladesh.svg/120px-Symbol_of_Islami_Andolan_Bangladesh.svg.png,,,
Dinajpur District,Dinajpur,Dinajpur,Dinajpur-4,https://en.wikipedia.org/wiki/Dinajpur-4,Dinajpur,Rangpur,,,,,,,,,,,,,,,
Dinajpur District,Dinajpur,Dinajpur,Dinajpur-5,https://en.wikipedia.org/wiki/Dinajpur-5,Dinajpur,Rangpur,,,,,,,,,,,,,,,
Dinajpur District,Dinajpur,Dinajpur,Dinajpur-6,https://en.wikipedia.org/wiki/Dinajpur-6,Dinajpur,Rangpur,,,,,,,,,,,,,,,
Nilphamari District,Nilphamari,Nilphamari,Nilphamari-1,https://en.wikipedia.org/wiki/Nilphamari-1,Nilphamari,Rangpur,Jebel Rahman Ghaani,Bangladesh NAP,,Md.Taslim Uddin,JP(E),https://upload.wikimedia.org/wikipedia/commons/thumb/b/b7/Symbol_of_Jatiya_Party.jpg/120px-Symbol_of_Jatiya_Party.jpg,Md. Abdus Sattar,JI,https://upload.wikimedia.org/wikipedia/commons/thumb/f/f2/Daripalla.png/120px-Daripalla.png,Monjurul Islam Afendi,JI,https://upload.wikimedia.org/wikipedia/commons/thumb/f/f2/Daripalla.png/120px-Daripalla.png,Abdul Jalil,IAB,https://upload.wikimedia.org/wikipedia/commons/thumb/0/01/Symbol_of_Islami_Andolan_Bangladesh.svg/120px-Symbol_of_Islami_Andolan_Bangladesh.svg.png
Nilphamari District,Nilphamari,Nilphamari,Nilphamari-2,https://en.wikipedia.org/wiki/Nilphamari-2,Nilphamari,Rangpur,,,,,,,,,,,,,,,
Nilphamari District,Nilphamari,Nilphamari,Nilphamari-3,https://en.wikipedia.org/wiki/Nilphamari-3,Nilphamari,Rangpur,,,,,,,,,,,,,,,
Nilphamari District,Nilphamari,Nilphamari,Nilphamari-4,https://en.wikipedia.org/wiki/Nilphamari-4,Nilphamari,Rangpur,,,,,,,,,,,,,,,
Lalmonirhat District,Lalmonirhat,Lalmonirhat,Lalmonirhat-1,https://en.wikipedia.org/wiki/Lalmonirhat-1,Lalmonirhat,Rangpur,,,,,,,,,,,,,,,
Lalmonirhat District,Lalmonirhat,Lalmonirhat,Lalmonirhat-2,https://en.wikipedia.org/wiki/Lalmonirhat-2,Lalmonirhat,Rangpur,,,,,,,,,,,,,,,
Lalmonirhat District,Lalmonirhat,Lalmonirhat,Lalmonirhat-3,https://en.wikipedia.org/wiki/Lalmonirhat-3,Lalmonirhat,Rangpur,,,,,,,,,,,,,,,
Rangpur District,Rangpur,Rangpur,Rangpur-1,https://en.wikipedia.org/wiki/Rangpur-1,Rangpur,Rangpur,,,,,,,,,,,,,,,
Rangpur District,Rangpur,Rangpur,Rangpur-2,https://en.wikipedia.org/wiki/Rangpur-2,Rangpur,Rangpur,,,,,,,,,,,,,,,
Rangpur District,Rangpur,Rangpur,Rangpur-3,https://en.wikipedia.org/wiki/Rangpur-3,Rangpur,Rangpur,,,,,,,,,,,,,,,
Rangpur District,Rangpur,Rangpur,Rangpur-4,https://en.wikipedia.org/wiki/Rangpur-4,Rangpur,Rangpur,,,,,,,,,,,,,,,
Rangpur District,Rangpur,Rangpur,Rangpur-5,https://en.wikipedia.org/wiki/Rangpur-5,Rangpur,Rangpur,,,,,,,,,,,,,,,
Rangpur District,Rangpur,Rangpur,Rangpur-6,https://en.wikipedia.org/wiki/Rangpur-6,Rangpur,Rangpur,,,,,,,,,,,,,,,
Kurigram District,Kurigram,Kurigram,Kurigram-1,https://en.wikipedia.org/wiki/Kurigram-1,Kurigram,Rangpur,,,,,,,,,,,,,,,
Kurigram District,Kurigram,Kurigram,Kurigram-2,https://en.wikipedia.org/wiki/Kurigram-2,Kurigram,Rangpur,,,,,,,,,,,,,,,
Kurigram District,Kurigram,Kurigram,Kurigram-3,https://en.wikipedia.org/wiki/Kurigram-3,Kurigram,Rangpur,,,,,,,,,,,,,,,
Kurigram District,Kurigram,Kurigram,Kurigram-4,https://en.wikipedia.org/wiki/Kurigram-4,Kurigram,Rangpur,,,,,,,,,,,,,,,
Gaibandha District,Gaibandha,Gaibandha,Gaibandha-1,https://en.wikipedia.org/wiki/Gaibandha-1,Gaibandha,Rangpur,,,,,,,,,,,,,,,
Gaibandha District,Gaibandha,Gaibandha,Gaibandha-2,https://en.wikipedia.org/wiki/Gaibandha-2,Gaibandha,Rangpur,,,,,,,,,,,,,,,
Gaibandha District,Gaibandha,Gaibandha,Gaibandha-3,https://en.wikipedia.org/wiki/Gaibandha-3,Gaibandha,Rangpur,,,,,,,,,,,,,,,
Gaibandha District,Gaibandha,Gaibandha,Gaibandha-4,https://en.wikipedia.org/wiki/Gaibandha-4,Gaibandha,Rangpur,,,,,,,,,,,,,,,
Gaibandha District,Gaibandha,Gaibandha,Gaibandha-5,https://en.wikipedia.org/wiki/Gaibandha-5,Gaibandha,Rangpur,,,,,,,,,,,,,,,
Joypurhat District,Joypurhat,Joypurhat,Joypurhat-1,https://en.wikipedia.org/wiki/Joypurhat-1,Joypurhat,Rajshahi,,,,,,,,,,,,,,,
Joypurhat District,Joypurhat,Joypurhat,Joypurhat-2,https://en.wikipedia.org/wiki/Joypurhat-2,Joypurhat,Rajshahi,,,,,,,,,,,,,,,
Bogra District,Bogra,Bogra,Bogra-1,https://en.wikipedia.org/wiki/Bogra-1,Bogra,Rajshahi,,,,,,,,,,,,,,,
Bogra District,Bogra,Bogra,Bogra-2,https://en.wikipedia.org/wiki/Bogra-2,Bogra,Rajshahi,,,,,,,,,,,,,,,
Bogra District,Bogra,Bogra,Bogra-3,https://en.wikipedia.org/wiki/Bogra-3,Bogra,Rajshahi,,,,,,,,,,,,,,,
Bogra District,Bogra,Bogra,Bogra-4,https://en.wikipedia.org/wiki/Bogra-4,Bogra,Rajshahi,,,,,,,,,,,,,,,
Bogra District,Bogra,Bogra,Bogra-5,https://en.wikipedia.org/wiki/Bogra-5,Bogra,Rajshahi,,,,,,,,,,,,,,,
Bogra District,Bogra,Bogra,Bogra-6,https://en.wikipedia.org/wiki/Bogra-6,Bogra,Rajshahi,Tarique Rahman,BNP,https://upload.wikimedia.org/wikipedia/commons/thumb/c/c9/Bangladesh_Nationalist_Party_election_symbol_Black_%26_White.svg/120px-Bangladesh_Nationalist_Party_election_symbol_Black_%26_White.svg.png,TBD,JP(E),https://upload.wikimedia.org/wikipedia/commons/thumb/b/b7/Symbol_of_Jatiya_Party.jpg/120px-Symbol_of_Jatiya_Party.jpg,Abidur Rahman Sohel,JI,https://upload.wikimedia.org/wikipedia/commons/thumb/f/f2/Daripalla.png/120px-Daripalla.png,TBD,IAB,https://upload.wikimedia.org/wikipedia/commons/thumb/0/01/Symbol_of_Islami_Andolan_Bangladesh.svg/120px-Symbol_of_Islami_Andolan_Bangladesh.svg.png,,,
Bogra District,Bogra,Bogra,Bogra-7,https://en.wikipedia.org/wiki/Bogra-7,Bogra,Rajshahi,TBD,BNP,https://upload.wikimedia.org/wikipedia/commons/thumb/c/c9/Bangladesh_Nationalist_Party_election_symbol_Black_%26_White.svg/120px-Bangladesh_Nationalist_Party_election_symbol_Black_%26_White.svg.png,TBD,JP(E),https://upload.wikimedia.org/wikipedia/commons/thumb/b/b7/Symbol_of_Jatiya_Party.jpg/120px-Symbol_of_Jatiya_Party.jpg,Golam Rabbani,JI,https://upload.wikimedia.org/wikipedia/commons/thumb/f/f2/Daripalla.png/120px-Daripalla.png,TBD,IAB,https://upload.wikimedia.org/wikipedia/commons/thumb/0/01/Symbol_of_Islami_Andolan_Bangladesh.svg/120px-Symbol_of_Islami_Andolan_Bangladesh.svg.png,,,
Chapai Nawabganj District,Chapai Nawabganj,Chapai Nawabganj,Chapai Nawabganj-1,https://en.wikipedia.org/wiki/Chapai_Nawabganj-1,Nawabganj,Rajshahi,,,,,,,,,,,,,,,
Chapai Nawabganj District,Chapai Nawabganj,Chapai Nawabganj,Chapai Nawabganj-2,https://en.wikipedia.org/wiki/Chapai_Nawabganj-2,Nawabganj,Rajshahi,,,,,,,,,,,,,,,
Chapai Nawabganj District,Chapai Nawabganj,Chapai Nawabganj,Chapai Nawabganj-3,https://en.wikipedia.org/wiki/Chapai_Nawabganj-3,Nawabganj,Rajshahi,,,,,,,,,,,,,,,
Naogaon District,Naogaon,Naogaon,Naogaon-1,https://en.wikipedia.org/wiki/Naogaon-1,Naogaon,Rajshahi,,,,,,,,,,,,,,,
Naogaon District,Naogaon,Naogaon,Naogaon-2,https://en.wikipedia.org/wiki/Naogaon-2,Naogaon,Rajshahi,,,,,,,,,,,,,,,
Naogaon District,Naogaon,Naogaon,Naogaon-3,https://en.wikipedia.org/wiki/Naogaon-3,Naogaon,Rajshahi,,,,,,,,,,,,,,,
Naogaon District,Naogaon,Naogaon,Naogaon-4,https://en.wikipedia.org/wiki/Naogaon-4,Naogaon,Rajshahi,,,,,,,,,,,,,,,
Naogaon District,Naogaon,Naogaon,Naogaon-5,https://en.wikipedia.org/wiki/Naogaon-5,Naogaon,Rajshahi,,,,,,,,,,,,,,,
Naogaon District,Naogaon,Naogaon,Naogaon-6,https://en.wikipedia.org/wiki/Naogaon-6,Naogaon,Rajshahi,,,,,,,,,,,,,,,
Rajshahi District,Rajshahi,Rajshahi,Rajshahi-1,https://en.wikipedia.org/wiki/Rajshahi-1,Rajshahi,Rajshahi,,,,,,,,,,,,,,,
Rajshahi District,Rajshahi,Rajshahi,Rajshahi-2,https://en.wikipedia.org/wiki/Rajshahi-2,Rajshahi,Rajshahi,,,,,,,,,,,,,,,
Rajshahi District,Rajshahi,Rajshahi,Rajshahi-3,https://en.wikipedia.org/wiki/Rajshahi-3,Rajshahi,Rajshahi,,,,,,,,,,,,,,,
Rajshahi District,Rajshahi,Rajshahi,Rajshahi-4,https://en.wikipedia.org/wiki/Rajshahi-4,Rajshahi,Rajshahi,,,,,,,,,,,,,,,
Rajshahi District,Rajshahi,Rajshahi,Rajshahi-5,https://en.wikipedia.org/wiki/Rajshahi-5,Rajshahi,Rajshahi,,,,,,,,,,,,,,,
Rajshahi District,Rajshahi,Rajshahi,Rajshahi-6,https://en.wikipedia.org/wiki/Rajshahi-6,Rajshahi,Rajshahi,,,,,,,,,,,,,,,
Natore District,Natore,Natore,Natore-1,https://en.wikipedia.org/wiki/Natore-1,Natore,Rajshahi,,,,,,,,,,,,,,,
Natore District,Natore,Natore,Natore-2,https://en.wikipedia.org/wiki/Natore-2,Natore,Rajshahi,,,,,,,,,,,,,,,
Natore District,Natore,Natore,Natore-3,https://en.wikipedia.org/wiki/Natore-3,Natore,Rajshahi,,,,,,,,,,,,,,,
Natore District,Natore,Natore,Natore-4,https://en.wikipedia.org/wiki/Natore-4,Natore,Rajshahi,,,,,,,,,,,,,,,
Sirajganj District,Sirajganj,Sirajganj,Sirajganj-1,https://en.wikipedia.org/wiki/Sirajganj-1,Sirajganj,Rajshahi,,,,,,,,,,,,,,,
Sirajganj District,Sirajganj,Sirajganj,Sirajganj-2,https://en.wikipedia.org/wiki/Sirajganj-2,Sirajganj,Rajshahi,,,,,,,,,,,,,,,
Sirajganj District,Sirajganj,Sirajganj,Sirajganj-3,https://en.wikipedia.org/wiki/Sirajganj-3,Sirajganj,Rajshahi,,,,,,,,,,,,,,,
Sirajganj District,Sirajganj,Sirajganj,Sirajganj-4,https://en.wikipedia.org/wiki/Sirajganj-4,Sirajganj,Rajshahi,,,,,,,,,,,,,,,
Sirajganj District,Sirajganj,Sirajganj,Sirajganj-5,https://en.wikipedia.org/wiki/Sirajganj-5,Sirajganj,Rajshahi,,,,,,,,,,,,,,,
Sirajganj District,Sirajganj,Sirajganj,Sirajganj-6,https://en.wikipedia.org/wiki/Sirajganj-6,Sirajganj,Rajshahi,,,,,,,,,,,,,,,
Pabna District,Pabna,Pabna,Pabna-1,https://en.wikipedia.org/wiki/Pabna-1,Pabna,Rajshahi,,,,,,,,,,,,,,,
Pabna District,Pabna,Pabna,Pabna-2,https://en.wikipedia.org/wiki/Pabna-2,Pabna,Rajshahi,,,,,,,,,,,,,,,
Pabna District,Pabna,Pabna,Pabna-3,https://en.wikipedia.org/wiki/Pabna-3,Pabna,Rajshahi,,,,,,,,,,,,,,,
Pabna District,Pabna,Pabna,Pabna-4,https://en.wikipedia.org/wiki/Pabna-4,Pabna,Rajshahi,,,,,,,,,,,,,,,
Pabna District,Pabna,Pabna,Pabna-5,https://en.wikipedia.org/wiki/Pabna-5,Pabna,Rajshahi,,,,,,,,,,,,,,,
Meherpur District,Meherpur,Meherpur,Meherpur-1,https://en.wikipedia.org/wiki/Meherpur-1,Meherpur,Khulna,,,,,,,,,,,,,,,
Meherpur District,Meherpur,Meherpur,Meherpur-2,https://en.wikipedia.org/wiki/Meherpur-2,Meherpur,Khulna,,,,,,,,,,,,,,,
Kushtia District,Kushtia,Kushtia,Kushtia-1,https://en.wikipedia.org/wiki/Kushtia-1,Kushtia,Khulna,,,,,,,,,,,,,,,
Kushtia District,Kushtia,Kushtia,Kushtia-2,https://en.wikipedia.org/wiki/Kushtia-2,Kushtia,Khulna,,,,,,,,,,,,,,,
Kushtia District,Kushtia,Kushtia,Kushtia-3,https://en.wikipedia.org/wiki/Kushtia-3,Kushtia,Khulna,,,,,,,,,,,,,,,
Kushtia District,Kushtia,Kushtia,Kushtia-4,https://en.wikipedia.org/wiki/Kushtia-4,Kushtia,Khulna,,,,,,,,,,,,,,,
Chuadanga District,Chuadanga,Chuadanga,Chuadanga-1,https://en.wikipedia.org/wiki/Chuadanga-1,Chuadanga,Khulna,,,,,,,,,,,,,,,
Chuadanga District,Chuadanga,Chuadanga,Chuadanga-2,https://en.wikipedia.org/wiki/Chuadanga-2,Chuadanga,Khulna,,,,,,,,,,,,,,,
Jhenaidah District,Jhenaidah,Jhenaidah,Jhenaidah-1,https://en.wikipedia.org/wiki/Jhenaidah-1,Jhenaidah,Khulna,,,,,,,,,,,,,,,
Jhenaidah District,Jhenaidah,Jhenaidah,Jhenaidah-2,https://en.wikipedia.org/wiki/Jhenaidah-2,Jhenaidah,Khulna,,,,,,,,,,,,,,,
Jhenaidah District,Jhenaidah,Jhenaidah,Jhenaidah-3,https://en.wikipedia.org/wiki/Jhenaidah-3,Jhenaidah,Khulna,,,,,,,,,,,,,,,
Jhenaidah District,Jhenaidah,Jhenaidah,Jhenaidah-4,https://en.wikipedia.org/wiki/Jhenaidah-4,Jhenaidah,Khulna,,,,,,,,,,,,,,,
Jashore District,Jashore,Jessore,Jessore-1,https://en.wikipedia.org/wiki/Jessore-1,Jessore,Khulna,,,,,,,,,,,,,,,
Jashore District,Jashore,Jessore,Jessore-2,https://en.wikipedia.org/wiki/Jessore-2,Jessore,Khulna,,,,,,,,,,,,,,,
Jashore District,Jashore,Jessore,Jessore-3,https://en.wikipedia.org/wiki/Jessore-3,Jessore,Khulna,,,,,,,,,,,,,,,
Jashore District,Jashore,Jessore,Jessore-4,https://en.wikipedia.org/wiki/Jessore-4,Jessore,Khulna,,,,,,,,,,,,,,,
Jashore District,Jashore,Jessore,Jessore-5,https://en.wikipedia.org/wiki/Jessore-5,Jessore,Khulna,,,,,,,,,,,,,,,
Jashore District,Jashore,Jessore,Jessore-6,https://en.wikipedia.org/wiki/Jessore-6,Jessore,Khulna,,,,,,,,,,,,,,,
Magura District,Magura,Magura,Magura-1,https://en.wikipedia.org/wiki/Magura-1,Magura,Khulna,,,,,,,,,,,,,,,
Magura District,Magura,Magura,Magura-2,https://en.wikipedia.org/wiki/Magura-2,Magura,Khulna,,,,,,,,,,,,,,,
Narail District,Narail,Narail,Narail-1,https://en.wikipedia.org/wiki/Narail-1,Narail,Khulna,,,,,,,,,,,,,,,
Narail District,Narail,Narail,Narail-2,https://en.wikipedia.org/wiki/Narail-2,Narail,Khulna,,,,,,,,,,,,,,,
Bagerhat District,Bagerhat,Bagerhat,Bagerhat-1,https://en.wikipedia.org/wiki/Bagerhat-1,Bagerhat,Khulna,,,,,,,,,,,,,,,
Bagerhat District,Bagerhat,Bagerhat,Bagerhat-2,https://en.wikipedia.org/wiki/Bagerhat-2,Bagerhat,Khulna,,,,,,,,,,,,,,,
Bagerhat District,Bagerhat,Bagerhat,Bagerhat-3,https://en.wikipedia.org/wiki/Bagerhat-3,Bagerhat,Khulna,,,,,,,,,,,,,,,
Khulna District,Khulna,Khulna,Khulna-1,https://en.wikipedia.org/wiki/Khulna-1,Khulna,Khulna,,,,,,,,,,,,,,,
Khulna District,Khulna,Khulna,Khulna-2,https://en.wikipedia.org/wiki/Khulna-2,Khulna,Khulna,,,,,,,,,,,,,,,
Khulna District,Khulna,Khulna,Khulna-3,https://en.wikipedia.org/wiki/Khulna-3,Khulna,Khulna,,,,,,,,,,,,,,,
Khulna District,Khulna,Khulna,Khulna-4,https://en.wikipedia.org/wiki/Khulna-4,Khulna,Khulna,,,,,,,,,,,,,,,
Khulna District,Khulna,Khulna,Khulna-5,https://en.wikipedia.org/wiki/Khulna-5,Khulna,Khulna,,,,,,,,,,,,,,,
Khulna District,Khulna,Khulna,Khulna-6,https://en.wikipedia.org/wiki/Khulna-6,Khulna,Khulna,,,,,,,,,,,,,,,
Satkhira District,Satkhira,Satkhira,Satkhira-1,https://en.wikipedia.org/wiki/Satkhira-1,Satkhira,Khulna,,,,,,,,,,,,,,,
Satkhira District,Satkhira,Satkhira,Satkhira-2,https://en.wikipedia.org/wiki/Satkhira-2,Satkhira,Khulna,,,,,,,,,,,,,,,
Satkhira District,Satkhira,Satkhira,Satkhira-3,https://en.wikipedia.org/wiki/Satkhira-3,Satkhira,Khulna,,,,,,,,,,,,,,,
Satkhira District,Satkhira,Satkhira,Satkhira-4,https://en.wikipedia.org/wiki/Satkhira-4,Satkhira,Khulna,,,,,,,,,,,,,,,
Barguna District,Barguna,Barguna,Barguna-1,https://en.wikipedia.org/wiki/Barguna-1,Barguna,Barishal,,,,,,,,,,,,,,,
Barguna District,Barguna,Barguna,Barguna-2,https://en.wikipedia.org/wiki/Barguna-2,Barguna,Barishal,,,,,,,,,,,,,,,
Patuakhali District,Patuakhali,Patuakhali,Patuakhali-1,https://en.wikipedia.org/wiki/Patuakhali-1,Patuakhali,Barishal,,,,,,,,,,,,,,,
Patuakhali District,Patuakhali,Patuakhali,Patuakhali-2,https://en.wikipedia.org/wiki/Patuakhali-2,Patuakhali,Barishal,,,,,,,,,,,,,,,
Patuakhali District,Patuakhali,Patuakhali,Patuakhali-3,https://en.wikipedia.org/wiki/Patuakhali-3,Patuakhali,Barishal,,,,,,,,,,,,,,,
Patuakhali District,Patuakhali,Patuakhali,Patuakhali-4,https://en.wikipedia.org/wiki/Patuakhali-4,Patuakhali,Barishal,,,,,,,,,,,,,,,
Bhola District,Bhola,Bhola,Bhola-1,https://en.wikipedia.org/wiki/Bhola-1,Bhola,Barishal,Andaleeve Rahman,BJP,,TBD,JP(E),https://upload.wikimedia.org/wikipedia/commons/thumb/b/b7/Symbol_of_Jatiya_Party.jpg/120px-Symbol_of_Jatiya_Party.jpg,Md. Nazrul Islam,JI,https://upload.wikimedia.org/wikipedia/commons/thumb/f/f2/Daripalla.png/120px-Daripalla.png,TBD,IAB,https://upload.wikimedia.org/wikipedia/commons/thumb/0/01/Symbol_of_Islami_Andolan_Bangladesh.svg/120px-Symbol_of_Islami_Andolan_Bangladesh.svg.png,Md. Ziaur Rahman,NCP,https://upload.wikimedia.org/wikipedia/commons/thumb/3/32/%E0%A6%A8%E0%A6%BF%E0%A6%B0%E0%A7%8D%E0%A6%AC%E0%A6%BE%E0%A6%9A%E0%A6%A8%E0%A7%80_%E0%A6%AA%E0%A7%8D%E0%A6%B0%E0%A6%A4%E0%A7%80%E0%A6%95_%E0%A6%9C%E0%A6%BE%E0%A6%A4%E0%A7%80%E0%A6%AF%E0%A6%BC_%E0%A6%A8%E0%A6%BE%E0%A6%97%E0%A6%B0%E0%A6%BF%E0%A6%95_%E0%A6%AA%E0%A6%BE%E0%A6%B0%E0%A7%8D%E0%A6%9F%E0%A6%BF.svg/120px-%E0%A6%A8%E0%A6%BF%E0%A6%B0%E0%A7%8D%E0%A6%AC%E0%A6%BE%E0%A6%9A%E0%A6%A8%E0%A7%80_%E0%A6%AA%E0%A7%8D%E0%A6%B0%E0%A6%A4%E0%A7%80%E0%A6%95_%E0%A6%9C%E0%A6%BE%E0%A6%A4%E0%A7%80%E0%A6%AF%E0%A6%BC_%E0%A6%A8%E0%A6%BE%E0%A6%97%E0%A6%B0%E0%A6%BF%E0%A6%95_%E0%A6%AA%E0%A6%BE%E0%A6%B0%E0%A7%8D%E0%A6%9F%E0%A6%BF.svg.png
Bhola District,Bhola,Bhola,Bhola-2,https://en.wikipedia.org/wiki/Bhola-2,Bhola,Barishal,,,,,,,,,,,,,,,
Bhola District,Bhola,Bhola,Bhola-3,https://en.wikipedia.org/wiki/Bhola-3,Bhola,Barishal,,,,,,,,,,,,,,,
Bhola District,Bhola,Bhola,Bhola-4,https://en.wikipedia.org/wiki/Bhola-4,Bhola,Barishal,,,,,,,,,,,,,,,
Barishal District,Barishal,Barisal,Barisal-1,https://en.wikipedia.org/wiki/Barisal-1,Barisal,Barishal,,,,,,,,,,,,,,,
Barishal District,Barishal,Barisal,Barisal-2,https://en.wikipedia.org/wiki/Barisal-2,Barisal,Barishal,,,,,,,,,,,,,,,
Barishal District,Barishal,Barisal,Barisal-3,https://en.wikipedia.org/wiki/Barisal-3,Barisal,Barishal,,,,,,,,,,,,,,,
Barishal District,Barishal,Barisal,Barisal-4,https://en.wikipedia.org/wiki/Barisal-4,Barisal,Barishal,,,,,,,,,,,,,,,
Barishal District,Barishal,Barisal,Barisal-5,https://en.wikipedia.org/wiki/Barisal-5,Barisal,Barishal,,,,,,,,,,,,,,,
Barishal District,Barishal,Barisal,Barisal-6,https://en.wikipedia.org/wiki/Barisal-6,Barisal,Barishal,,,,,,,,,,,,,,,
Jhalokati District,Jhalokati,Jhalokati,Jhalokati-1,https://en.wikipedia.org/wiki/Jhalokati-1,Jhalokati,Barishal,,,,,,,,,,,,,,,
Jhalokati District,Jhalokati,Jhalokati,Jhalokati-2,https://en.wikipedia.org/wiki/Jhalokati-2,Jhalokati,Barishal,,,,,,,,,,,,,,,
Pirojpur District,Pirojpur,Pirojpur,Pirojpur-1,https://en.wikipedia.org/wiki/Pirojpur-1,Pirojpur,Barishal,,,,,,,,,,,,,,,
Pirojpur District,Pirojpur,Pirojpur,Pirojpur-2,https://en.wikipedia.org/wiki/Pirojpur-2,Pirojpur,Barishal,,,,,,,,,,,,,,,
Pirojpur District,Pirojpur,Pirojpur,Pirojpur-3,https://en.wikipedia.org/wiki/Pirojpur-3,Pirojpur,Barishal,,,,,,,,,,,,,,,
Jamalpur District,Jamalpur,Jamalpur,Jamalpur-1,https://en.wikipedia.org/wiki/Jamalpur-1,Jamalpur,Mymensingh,,,,,,,,,,,,,,,
Jamalpur District,Jamalpur,Jamalpur,Jamalpur-2,https://en.wikipedia.org/wiki/Jamalpur-2,Jamalpur,Mymensingh,,,,,,,,,,,,,,,
Jamalpur District,Jamalpur,Jamalpur,Jamalpur-3,https://en.wikipedia.org/wiki/Jamalpur-3,Jamalpur,Mymensingh,,,,,,,,,,,,,,,
Jamalpur District,Jamalpur,Jamalpur,Jamalpur-4,https://en.wikipedia.org/wiki/Jamalpur-4,Jamalpur,Mymensingh,,,,,,,,,,,,,,,
Jamalpur District,Jamalpur,Jamalpur,Jamalpur-5,https://en.wikipedia.org/wiki/Jamalpur-5,Jamalpur,Mymensingh,,,,,,,,,,,,,,,
Sherpur District,Sherpur,Sherpur,Sherpur-1,https://en.wikipedia.org/wiki/Sherpur-1,Sherpur,Mymensingh,,,,,,,,,,,,,,,
Sherpur District,Sherpur,Sherpur,Sherpur-2,https://en.wikipedia.org/wiki/Sherpur-2,Sherpur,Mymensingh,,,,,,,,,,,,,,,
Sherpur District,Sherpur,Sherpur,Sherpur-3,https://en.wikipedia.org/wiki/Sherpur-3,Sherpur,Mymensingh,,,,,,,,,,,,,,,
Mymensingh District,Mymensingh,Mymensingh,Mymensingh-1,https://en.wikipedia.org/wiki/Mymensingh-1,Mymensingh,Mymensingh,,,,,,,,,,,,,,,
Mymensingh District,Mymensingh,Mymensingh,Mymensingh-2,https://en.wikipedia.org/wiki/Mymensingh-2,Mymensingh,Mymensingh,,,,,,,,,,,,,,,
Mymensingh District,Mymensingh,Mymensingh,Mymensingh-3,https://en.wikipedia.org/wiki/Mymensingh-3,Mymensingh,Mymensingh,,,,,,,,,,,,,,,
Mymensingh District,Mymensingh,Mymensingh,Mymensingh-4,https://en.wikipedia.org/wiki/Mymensingh-4,Mymensingh,Mymensingh,,,,,,,,,,,,,,,
Mymensingh District,Mymensingh,Mymensingh,Mymensingh-5,https://en.wikipedia.org/wiki/Mymensingh-5,Mymensingh,Mymensingh,,,,,,,,,,,,,,,
Mymensingh District,Mymensingh,Mymensingh,Mymensingh-6,https://en.wikipedia.org/wiki/Mymensingh-6,Mymensingh,Mymensingh,,,,,,,,,,,,,,,
Mymensingh District,Mymensingh,Mymensingh,Mymensingh-7,https://en.wikipedia.org/wiki/Mymensingh-7,Mymensingh,Mymensingh,,,,,,,,,,,,,,,
Mymensingh District,Mymensingh,Mymensingh,Mymensingh-8,https://en.wikipedia.org/wiki/Mymensingh-8,Mymensingh,Mymensingh,,,,,,,,,,,,,,,
Mymensingh District,Mymensingh,Mymensingh,Mymensingh-9,https://en.wikipedia.org/wiki/Mymensingh-9,Mymensingh,Mymensingh,,,,,,,,,,,,,,,
Mymensingh District,Mymensingh,Mymensingh,Mymensingh-10,https://en.wikipedia.org/wiki/Mymensingh-10,Mymensingh,Mymensingh,,,,,,,,,,,,,,,
Mymensingh District,Mymensingh,Mymensingh,Mymensingh-11,https://en.wikipedia.org/wiki/Mymensingh-11,Mymensingh,Mymensingh,,,,,,,,,,,,,,,
Netrokona District,Netrokona,Netrokona,Netrokona-1,https://en.wikipedia.org/wiki/Netrokona-1,Netrakona,Mymensingh,,,,,,,,,,,,,,,
Netrokona District,Netrokona,Netrokona,Netrokona-2,https://en.wikipedia.org/wiki/Netrokona-2,Netrakona,Mymensingh,,,,,,,,,,,,,,,
Netrokona District,Netrokona,Netrokona,Netrokona-3,https://en.wikipedia.org/wiki/Netrokona-3,Netrakona,Mymensingh,,,,,,,,,,,,,,,
Netrokona District,Netrokona,Netrokona,Netrokona-4,https://en.wikipedia.org/wiki/Netrokona-4,Netrakona,Mymensingh,,,,,,,,,,,,,,,
Netrokona District,Netrokona,Netrokona,Netrokona-5,https://en.wikipedia.org/wiki/Netrokona-5,Netrakona,Mymensingh,,,,,,,,,,,,,,,
Tangail District,Tangail,Tangail,Tangail-1,https://en.wikipedia.org/wiki/Tangail-1,Tangail,Dhaka,,,,,,,,,,,,,,,
Tangail District,Tangail,Tangail,Tangail-2,https://en.wikipedia.org/wiki/Tangail-2,Tangail,Dhaka,,,,,,,,,,,,,,,
Tangail District,Tangail,Tangail,Tangail-3,https://en.wikipedia.org/wiki/Tangail-3,Tangail,Dhaka,,,,,,,,,,,,,,,
Tangail District,Tangail,Tangail,Tangail-4,https://en.wikipedia.org/wiki/Tangail-4,Tangail,Dhaka,,,,,,,,,,,,,,,
Tangail District,Tangail,Tangail,Tangail-5,https://en.wikipedia.org/wiki/Tangail-5,Tangail,Dhaka,,,,,,,,,,,,,,,
Tangail District,Tangail,Tangail,Tangail-6,https://en.wikipedia.org/wiki/Tangail-6,Tangail,Dhaka,,,,,,,,,,,,,,,
Tangail District,Tangail,Tangail,Tangail-7,https://en.wikipedia.org/wiki/Tangail-7,Tangail,Dhaka,,,,,,,,,,,,,,,
Tangail District,Tangail,Tangail,Tangail-8,https://en.wikipedia.org/wiki/Tangail-8,Tangail,Dhaka,,,,,,,,,,,,,,,
Kishoreganj District,Kishoreganj,Kishoreganj,Kishoreganj-1,https://en.wikipedia.org/wiki/Kishoreganj-1,Kishoreganj,Dhaka,,,,,,,,,,,,,,,
Kishoreganj District,Kishoreganj,Kishoreganj,Kishoreganj-2,https://en.wikipedia.org/wiki/Kishoreganj-2,Kishoreganj,Dhaka,,,,,,,,,,,,,,,
Kishoreganj District,Kishoreganj,Kishoreganj,Kishoreganj-3,https://en.wikipedia.org/wiki/Kishoreganj-3,Kishoreganj,Dhaka,,,,,,,,,,,,,,,
Kishoreganj District,Kishoreganj,Kishoreganj,Kishoreganj-4,https://en.wikipedia.org/wiki/Kishoreganj-4,Kishoreganj,Dhaka,,,,,,,,,,,,,,,
Kishoreganj District,Kishoreganj,Kishoreganj,Kishoreganj-5,https://en.wikipedia.org/wiki/Kishoreganj-5,Kishoreganj,Dhaka,,,,,,,,,,,,,,,
Kishoreganj District,Kishoreganj,Kishoreganj,Kishoreganj-6,https://en.wikipedia.org/wiki/Kishoreganj-6,Kishoreganj,Dhaka,,,,,,,,,,,,,,,
Manikganj District,Manikganj,Manikganj,Manikganj-1,https://en.wikipedia.org/wiki/Manikganj-1,Manikganj,Dhaka,,,,,,,,,,,,,,,
Manikganj District,Manikganj,Manikganj,Manikganj-2,https://en.wikipedia.org/wiki/Manikganj-2,Manikganj,Dhaka,,,,,,,,,,,,,,,
Manikganj District,Manikganj,Manikganj,Manikganj-3,https://en.wikipedia.org/wiki/Manikganj-3,Manikganj,Dhaka,,,,,,,,,,,,,,,
Munshiganj District,Munshiganj,Munshiganj,Munshiganj-1,https://en.wikipedia.org/wiki/Munshiganj-1,Munshiganj,Dhaka,,,,,,,,,,,,,,,
Munshiganj District,Munshiganj,Munshiganj,Munshiganj-2,https://en.wikipedia.org/wiki/Munshiganj-2,Munshiganj,Dhaka,,,,,,,,,,,,,,,
Munshiganj District,Munshiganj,Munshiganj,Munshiganj-3,https://en.wikipedia.org/wiki/Munshiganj-3,Munshiganj,Dhaka,,,,,,,,,,,,,,,
Dhaka District,Dhaka,Dhaka,Dhaka-1,https://en.wikipedia.org/wiki/Dhaka-1,Dhaka,Dhaka,,,,,,,,,,,,,,,
Dhaka District,Dhaka,Dhaka,Dhaka-2,https://en.wikipedia.org/wiki/Dhaka-2,Dhaka,Dhaka,,,,,,,,,,,,,,,
Dhaka District,Dhaka,Dhaka,Dhaka-3,https://en.wikipedia.org/wiki/Dhaka-3,Dhaka,Dhaka,,,,,,,,,,,,,,,
Dhaka District,Dhaka,Dhaka,Dhaka-4,https://en.wikipedia.org/wiki/Dhaka-4,Dhaka,Dhaka,,,,,,,,,,,,,,,
Dhaka District,Dhaka,Dhaka,Dhaka-5,https://en.wikipedia.org/wiki/Dhaka-5,Dhaka,Dhaka,,,,,,,,,,,,,,,
Dhaka District,Dhaka,Dhaka,Dhaka-6,https://en.wikipedia.org/wiki/Dhaka-6,Dhaka,Dhaka,,,,,,,,,,,,,,,
Dhaka District,Dhaka,Dhaka,Dhaka-7,https://en.wikipedia.org/wiki/Dhaka-7,Dhaka,Dhaka,,,,,,,,,,,,,,,
Dhaka District,Dhaka,Dhaka,Dhaka-8,https://en.wikipedia.org/wiki/Dhaka-8,Dhaka,Dhaka,,,,,,,,,,,,,,,
Dhaka District,Dhaka,Dhaka,Dhaka-9,https://en.wikipedia.org/wiki/Dhaka-9,Dhaka,Dhaka,,,,,,,,,,,,,,,
Dhaka District,Dhaka,Dhaka,Dhaka-10,https://en.wikipedia.org/wiki/Dhaka-10,Dhaka,Dhaka,,,,,,,,,,,,,,,
Dhaka District,Dhaka,Dhaka,Dhaka-11,https://en.wikipedia.org/wiki/Dhaka-11,Dhaka,Dhaka,,,,,,,,,,,,,,,
Dhaka District,Dhaka,Dhaka,Dhaka-12,https://en.wikipedia.org/wiki/Dhaka-12,Dhaka,Dhaka,,,,,,,,,,,,,,,
Dhaka District,Dhaka,Dhaka,Dhaka-13,https://en.wikipedia.org/wiki/Dhaka-13,Dhaka,Dhaka,Bobby Hajjaj,BNP,https://upload.wikimedia.org/wikipedia/commons/thumb/c/c9/Bangladesh_Nationalist_Party_election_symbol_Black_%26_White.svg/120px-Bangladesh_Nationalist_Party_election_symbol_Black_%26_White.svg.png,Muhammad Mubarak Hossain,JI,https://upload.wikimedia.org/wikipedia/commons/thumb/f/f2/Daripalla.png/120px-Daripalla.png,Akram Hussain,NCP,https://upload.wikimedia.org/wikipedia/commons/thumb/3/32/%E0%A6%A8%E0%A6%BF%E0%A6%B0%E0%A7%8D%E0%A6%AC%E0%A6%BE%E0%A6%9A%E0%A6%A8%E0%A7%80_%E0%A6%AA%E0%A7%8D%E0%A6%B0%E0%A6%A4%E0%A7%80%E0%A6%95_%E0%A6%9C%E0%A6%BE%E0%A6%A4%E0%A7%80%E0%A6%AF%E0%A6%BC_%E0%A6%A8%E0%A6%BE%E0%A6%97%E0%A6%B0%E0%A6%BF%E0%A6%95_%E0%A6%AA%E0%A6%BE%E0%A6%B0%E0%A7%8D%E0%A6%9F%E0%A6%BF.svg/120px-%E0%A6%A8%E0%A6%BF%E0%A6%B0%E0%A7%8D%E0%A6%AC%E0%A6%BE%E0%A6%9A%E0%A6%A8%E0%A7%80_%E0%A6%AA%E0%A7%8D%E0%A6%B0%E0%A6%A4%E0%A7%80%E0%A6%95_%E0%A6%9C%E0%A6%BE%E0%A6%A4%E0%A7%80%E0%A6%AF%E0%A6%BC_%E0%A6%A8%E0%A6%BE%E0%A6%97%E0%A6%B0%E0%A6%BF%E0%A6%95_%E0%A6%AA%E0%A6%BE%E0%A6%B0%E0%A7%8D%E0%A6%9F%E0%A6%BF.svg.png,,,,,,
Dhaka District,Dhaka,Dhaka,Dhaka-14,https://en.wikipedia.org/wiki/Dhaka-14,Dhaka,Dhaka,Sanjida Islam Tuli,BNP,https://upload.wikimedia.org/wikipedia/commons/thumb/c/c9/Bangladesh_Nationalist_Party_election_symbol_Black_%26_White.svg/120px-Bangladesh_Nationalist_Party_election_symbol_Black_%26_White.svg.png,TBD,JP(E),https://upload.wikimedia.org/wikipedia/commons/thumb/b/b7/Symbol_of_Jatiya_Party.jpg/120px-Symbol_of_Jatiya_Party.jpg,Mir Ahmad Bin Quasem,JI,https://upload.wikimedia.org/wikipedia/commons/thumb/f/f2/Daripalla.png/120px-Daripalla.png,TBD,NCP,https://upload.wikimedia.org/wikipedia/commons/thumb/3/32/%E0%A6%A8%E0%A6%BF%E0%A6%B0%E0%A7%8D%E0%A6%AC%E0%A6%BE%E0%A6%9A%E0%A6%A8%E0%A7%80_%E0%A6%AA%E0%A7%8D%E0%A6%B0%E0%A6%A4%E0%A7%80%E0%A6%95_%E0%A6%9C%E0%A6%BE%E0%A6%A4%E0%A7%80%E0%A6%AF%E0%A6%BC_%E0%A6%A8%E0%A6%BE%E0%A6%97%E0%A6%B0%E0%A6%BF%E0%A6%95_%E0%A6%AA%E0%A6%BE%E0%A6%B0%E0%A7%8D%E0%A6%9F%E0%A6%BF.svg/120px-%E0%A6%A8%E0%A6%BF%E0%A6%B0%E0%A7%8D%E0%A6%AC%E0%A6%BE%E0%A6%9A%E0%A6%A8%E0%A7%80_%E0%A6%AA%E0%A7%8D%E0%A6%B0%E0%A6%A4%E0%A7%80%E0%A6%95_%E0%A6%9C%E0%A6%BE%E0%A6%A4%E0%A7%80%E0%A6%AF%E0%A6%BC_%E0%A6%A8%E0%A6%BE%E0%A6%97%E0%A6%B0%E0%A6%BF%E0%A6%95_%E0%A6%AA%E0%A6%BE%E0%A6%B0%E0%A7%8D%E0%A6%9F%E0%A6%BF.svg.png,,,
Dhaka District,Dhaka,Dhaka,Dhaka-15,https://en.wikipedia.org/wiki/Dhaka-15,Dhaka,Dhaka,Md. Safiqul Islam Milton,BNP,https://upload.wikimedia.org/wikipedia/commons/thumb/c/c9/Bangladesh_Nationalist_Party_election_symbol_Black_%26_White.svg/120px-Bangladesh_Nationalist_Party_election_symbol_Black_%26_White.svg.png,TBD,JP(E),https://upload.wikimedia.org/wikipedia/commons/thumb/b/b7/Symbol_of_Jatiya_Party.jpg/120px-Symbol_of_Jatiya_Party.jpg,Dr. Shafiqur Rahman,JI,https://upload.wikimedia.org/wikipedia/commons/thumb/f/f2/Daripalla.png/120px-Daripalla.png,Muhammad Alamgir Ferdous,NCP,https://upload.wikimedia.org/wikipedia/commons/thumb/3/32/%E0%A6%A8%E0%A6%BF%E0%A6%B0%E0%A7%8D%E0%A6%AC%E0%A6%BE%E0%A6%9A%E0%A6%A8%E0%A7%80_%E0%A6%AA%E0%A7%8D%E0%A6%B0%E0%A6%A4%E0%A7%80%E0%A6%95_%E0%A6%9C%E0%A6%BE%E0%A6%A4%E0%A7%80%E0%A6%AF%E0%A6%BC_%E0%A6%A8%E0%A6%BE%E0%A6%97%E0%A6%B0%E0%A6%BF%E0%A6%95_%E0%A6%AA%E0%A6%BE%E0%A6%B0%E0%A7%8D%E0%A6%9F%E0%A6%BF.svg/120px-%E0%A6%A8%E0%A6%BF%E0%A6%B0%E0%A7%8D%E0%A6%AC%E0%A6%BE%E0%A6%9A%E0%A6%A8%E0%A7%80_%E0%A6%AA%E0%A7%8D%E0%A6%B0%E0%A6%A4%E0%A7%80%E0%A6%95_%E0%A6%9C%E0%A6%BE%E0%A6%A4%E0%A7%80%E0%A6%AF%E0%A6%BC_%E0%A6%A8%E0%A6%BE%E0%A6%97%E0%A6%B0%E0%A6%BF%E0%A6%95_%E0%A6%AA%E0%A6%BE%E0%A6%B0%E0%A7%8D%E0%A6%9F%E0%A6%BF.svg.png,,,
Dhaka District,Dhaka,Dhaka,Dhaka-16,https://en.wikipedia.org/wiki/Dhaka-16,Dhaka,Dhaka,Aminul Haque,BNP,https://upload.wikimedia.org/wikipedia/commons/thumb/c/c9/Bangladesh_Nationalist_Party_election_symbol_Black_%26_White.svg/120px-Bangladesh_Nationalist_Party_election_symbol_Black_%26_White.svg.png,TBD,JP(E),https://upload.wikimedia.org/wikipedia/commons/thumb/b/b7/Symbol_of_Jatiya_Party.jpg/120px-Symbol_of_Jatiya_Party.jpg,Abdul Baten,JI,https://upload.wikimedia.org/wikipedia/commons/thumb/f/f2/Daripalla.png/120px-Daripalla.png,TBD,IAB,https://upload.wikimedia.org/wikipedia/commons/thumb/0/01/Symbol_of_Islami_Andolan_Bangladesh.svg/120px-Symbol_of_Islami_Andolan_Bangladesh.svg.png,Ariful Islam Adib,NCP,https://upload.wikimedia.org/wikipedia/commons/thumb/3/32/%E0%A6%A8%E0%A6%BF%E0%A6%B0%E0%A7%8D%E0%A6%AC%E0%A6%BE%E0%A6%9A%E0%A6%A8%E0%A7%80_%E0%A6%AA%E0%A7%8D%E0%A6%B0%E0%A6%A4%E0%A7%80%E0%A6%95_%E0%A6%9C%E0%A6%BE%E0%A6%A4%E0%A7%80%E0%A6%AF%E0%A6%BC_%E0%A6%A8%E0%A6%BE%E0%A6%97%E0%A6%B0%E0%A6%BF%E0%A6%95_%E0%A6%AA%E0%A6%BE%E0%A6%B0%E0%A7%8D%E0%A6%9F%E0%A6%BF.svg/120px-%E0%A6%A8%E0%A6%BF%E0%A6%B0%E0%A7%8D%E0%A6%AC%E0%A6%BE%E0%A6%9A%E0%A6%A8%E0%A7%80_%E0%A6%AA%E0%A7%8D%E0%A6%B0%E0%A6%A4%E0%A7%80%E0%A6%95_%E0%A6%9C%E0%A6%BE%E0%A6%A4%E0%A7%80%E0%A6%AF%E0%A6%BC_%E0%A6%A8%E0%A6%BE%E0%A6%97%E0%A6%B0%E0%A6%BF%E0%A6%95_%E0%A6%AA%E0%A6%BE%E0%A6%B0%E0%A7%8D%E0%A6%9F%E0%A6%BF.svg.png
Dhaka District,Dhaka,Dhaka,Dhaka-17,https://en.wikipedia.org/wiki/Dhaka-17,Dhaka,Dhaka,Tarique Rahman,BNP,https://upload.wikimedia.org/wikipedia/commons/thumb/c/c9/Bangladesh_Nationalist_Party_election_symbol_Black_%26_White.svg/120px-Bangladesh_Nationalist_Party_election_symbol_Black_%26_White.svg.png,TBD,JP(E),https://upload.wikimedia.org/wikipedia/commons/thumb/b/b7/Symbol_of_Jatiya_Party.jpg/120px-Symbol_of_Jatiya_Party.jpg,SM Khaliduzzaman,JI,https://upload.wikimedia.org/wikipedia/commons/thumb/f/f2/Daripalla.png/120px-Daripalla.png,TBD,IAB,https://upload.wikimedia.org/wikipedia/commons/thumb/0/01/Symbol_of_Islami_Andolan_Bangladesh.svg/120px-Symbol_of_Islami_Andolan_Bangladesh.svg.png,TBD,NCP,https://upload.wikimedia.org/wikipedia/commons/thumb/3/32/%E0%A6%A8%E0%A6%BF%E0%A6%B0%E0%A7%8D%E0%A6%AC%E0%A6%BE%E0%A6%9A%E0%A6%A8%E0%A7%80_%E0%A6%AA%E0%A7%8D%E0%A6%B0%E0%A6%A4%E0%A7%80%E0%A6%95_%E0%A6%9C%E0%A6%BE%E0%A6%A4%E0%A7%80%E0%A6%AF%E0%A6%BC_%E0%A6%A8%E0%A6%BE%E0%A6%97%E0%A6%B0%E0%A6%BF%E0%A6%95_%E0%A6%AA%E0%A6%BE%E0%A6%B0%E0%A7%8D%E0%A6%9F%E0%A6%BF.svg/120px-%E0%A6%A8%E0%A6%BF%E0%A6%B0%E0%A7%8D%E0%A6%AC%E0%A6%BE%E0%A6%9A%E0%A6%A8%E0%A7%80_%E0%A6%AA%E0%A7%8D%E0%A6%B0%E0%A6%A4%E0%A7%80%E0%A6%95_%E0%A6%9C%E0%A6%BE%E0%A6%A4%E0%A7%80%E0%A6%AF%E0%A6%BC_%E0%A6%A8%E0%A6%BE%E0%A6%97%E0%A6%B0%E0%A6%BF%E0%A6%95_%E0%A6%AA%E0%A6%BE%E0%A6%B0%E0%A7%8D%E0%A6%9F%E0%A6%BF.svg.png
Dhaka District,Dhaka,Dhaka,Dhaka-18,https://en.wikipedia.org/wiki/Dhaka-18,Dhaka,Dhaka,S.M. Jahangir Hossain,BNP,https://upload.wikimedia.org/wikipedia/commons/thumb/c/c9/Bangladesh_Nationalist_Party_election_symbol_Black_%26_White.svg/120px-Bangladesh_Nationalist_Party_election_symbol_Black_%26_White.svg.png,TBD,JP(E),https://upload.wikimedia.org/wikipedia/commons/thumb/b/b7/Symbol_of_Jatiya_Party.jpg/120px-Symbol_of_Jatiya_Party.jpg,Ashraf ul Haq,JI,https://upload.wikimedia.org/wikipedia/commons/thumb/f/f2/Daripalla.png/120px-Daripalla.png,TBD,IAB,https://upload.wikimedia.org/wikipedia/commons/thumb/0/01/Symbol_of_Islami_Andolan_Bangladesh.svg/120px-Symbol_of_Islami_Andolan_Bangladesh.svg.png,Nasiruddin Patwary,NCP,https://upload.wikimedia.org/wikipedia/commons/thumb/3/32/%E0%A6%A8%E0%A6%BF%E0%A6%B0%E0%A7%8D%E0%A6%AC%E0%A6%BE%E0%A6%9A%E0%A6%A8%E0%A7%80_%E0%A6%AA%E0%A7%8D%E0%A6%B0%E0%A6%A4%E0%A7%80%E0%A6%95_%E0%A6%9C%E0%A6%BE%E0%A6%A4%E0%A7%80%E0%A6%AF%E0%A6%BC_%E0%A6%A8%E0%A6%BE%E0%A6%97%E0%A6%B0%E0%A6%BF%E0%A6%95_%E0%A6%AA%E0%A6%BE%E0%A6%B0%E0%A7%8D%E0%A6%9F%E0%A6%BF.svg/120px-%E0%A6%A8%E0%A6%BF%E0%A6%B0%E0%A7%8D%E0%A6%AC%E0%A6%BE%E0%A6%9A%E0%A6%A8%E0%A7%80_%E0%A6%AA%E0%A7%8D%E0%A6%B0%E0%A6%A4%E0%A7%80%E0%A6%95_%E0%A6%9C%E0%A6%BE%E0%A6%A4%E0%A7%80%E0%A6%AF%E0%A6%BC_%E0%A6%A8%E0%A6%BE%E0%A6%97%E0%A6%B0%E0%A6%BF%E0%A6%95_%E0%A6%AA%E0%A6%BE%E0%A6%B0%E0%A7%8D%E0%A6%9F%E0%A6%BF.svg.png
Dhaka District,Dhaka,Dhaka,Dhaka-19,https://en.wikipedia.org/wiki/Dhaka-19,Dhaka,Dhaka,Dewan Md. Salauddin,BNP,https://upload.wikimedia.org/wikipedia/commons/thumb/c/c9/Bangladesh_Nationalist_Party_election_symbol_Black_%26_White.svg/120px-Bangladesh_Nationalist_Party_election_symbol_Black_%26_White.svg.png,TBD,JP(E),https://upload.wikimedia.org/wikipedia/commons/thumb/b/b7/Symbol_of_Jatiya_Party.jpg/120px-Symbol_of_Jatiya_Party.jpg,Afjal Hossain,JI,https://upload.wikimedia.org/wikipedia/commons/thumb/f/f2/Daripalla.png/120px-Daripalla.png,TBD,IAB,https://upload.wikimedia.org/wikipedia/commons/thumb/0/01/Symbol_of_Islami_Andolan_Bangladesh.svg/120px-Symbol_of_Islami_Andolan_Bangladesh.svg.png,Foysal Mahmud Shanto,NCP,https://upload.wikimedia.org/wikipedia/commons/thumb/3/32/%E0%A6%A8%E0%A6%BF%E0%A6%B0%E0%A7%8D%E0%A6%AC%E0%A6%BE%E0%A6%9A%E0%A6%A8%E0%A7%80_%E0%A6%AA%E0%A7%8D%E0%A6%B0%E0%A6%A4%E0%A7%80%E0%A6%95_%E0%A6%9C%E0%A6%BE%E0%A6%A4%E0%A7%80%E0%A6%AF%E0%A6%BC_%E0%A6%A8%E0%A6%BE%E0%A6%97%E0%A6%B0%E0%A6%BF%E0%A6%95_%E0%A6%AA%E0%A6%BE%E0%A6%B0%E0%A7%8D%E0%A6%9F%E0%A6%BF.svg/120px-%E0%A6%A8%E0%A6%BF%E0%A6%B0%E0%A7%8D%E0%A6%AC%E0%A6%BE%E0%A6%9A%E0%A6%A8%E0%A7%80_%E0%A6%AA%E0%A7%8D%E0%A6%B0%E0%A6%A4%E0%A7%80%E0%A6%95_%E0%A6%9C%E0%A6%BE%E0%A6%A4%E0%A7%80%E0%A6%AF%E0%A6%BC_%E0%A6%A8%E0%A6%BE%E0%A6%97%E0%A6%B0%E0%A6%BF%E0%A6%95_%E0%A6%AA%E0%A6%BE%E0%A6%B0%E0%A7%8D%E0%A6%9F%E0%A6%BF.svg.png
Dhaka District,Dhaka,Dhaka,Dhaka-20,https://en.wikipedia.org/wiki/Dhaka-20,Dhaka,Dhaka,,,,,,,,,,,,,,,
Gazipur District,Gazipur,Gazipur,Gazipur-1,https://en.wikipedia.org/wiki/Gazipur-1,Gazipur,Dhaka,,,,,,,,,,,,,,,
Gazipur District,Gazipur,Gazipur,Gazipur-2,https://en.wikipedia.org/wiki/Gazipur-2,Gazipur,Dhaka,,,,,,,,,,,,,,,
Gazipur District,Gazipur,Gazipur,Gazipur-3,https://en.wikipedia.org/wiki/Gazipur-3,Gazipur,Dhaka,,,,,,,,,,,,,,,
Gazipur District,Gazipur,Gazipur,Gazipur-4,https://en.wikipedia.org/wiki/Gazipur-4,Gazipur,Dhaka,,,,,,,,,,,,,,,
Gazipur District,Gazipur,Gazipur,Gazipur-5,https://en.wikipedia.org/wiki/Gazipur-5,Gazipur,Dhaka,,,,,,,,,,,,,,,
Gazipur District,Gazipur,Gazipur,Gazipur-6,https://en.wikipedia.org/wiki/Gazipur-6,Gazipur,Dhaka,,,,,,,,,,,,,,,
Narsingdi District,Narsingdi,Narsingdi,Narsingdi-1,https://en.wikipedia.org/wiki/Narsingdi-1,Narsingdi,Dhaka,,,,,,,,,,,,,,,
Narsingdi District,Narsingdi,Narsingdi,Narsingdi-2,https://en.wikipedia.org/wiki/Narsingdi-2,Narsingdi,Dhaka,,,,,,,,,,,,,,,
Narsingdi District,Narsingdi,Narsingdi,Narsingdi-3,https://en.wikipedia.org/wiki/Narsingdi-3,Narsingdi,Dhaka,,,,,,,,,,,,,,,
Narsingdi District,Narsingdi,Narsingdi,Narsingdi-4,https://en.wikipedia.org/wiki/Narsingdi-4,Narsingdi,Dhaka,,,,,,,,,,,,,,,
Narsingdi District,Narsingdi,Narsingdi,Narsingdi-5,https://en.wikipedia.org/wiki/Narsingdi-5,Narsingdi,Dhaka,,,,,,,,,,,,,,,
Narayanganj District,Narayanganj,Narayanganj,Narayanganj-1,https://en.wikipedia.org/wiki/Narayanganj-1,Narayanganj,Dhaka,,,,,,,,,,,,,,,
Narayanganj District,Narayanganj,Narayanganj,Narayanganj-2,https://en.wikipedia.org/wiki/Narayanganj-2,Narayanganj,Dhaka,,,,,,,,,,,,,,,
Narayanganj District,Narayanganj,Narayanganj,Narayanganj-3,https://en.wikipedia.org/wiki/Narayanganj-3,Narayanganj,Dhaka,,,,,,,,,,,,,,,
Narayanganj District,Narayanganj,Narayanganj,Narayanganj-4,https://en.wikipedia.org/wiki/Narayanganj-4,Narayanganj,Dhaka,,,,,,,,,,,,,,,
Narayanganj District,Narayanganj,Narayanganj,Narayanganj-5,https://en.wikipedia.org/wiki/Narayanganj-5,Narayanganj,Dhaka,,,,,,,,,,,,,,,
Rajbari District,Rajbari,Rajbari,Rajbari-1,https://en.wikipedia.org/wiki/Rajbari-1,Rajbari,Dhaka,,,,,,,,,,,,,,,
Rajbari District,Rajbari,Rajbari,Rajbari-2,https://en.wikipedia.org/wiki/Rajbari-2,Rajbari,Dhaka,,,,,,,,,,,,,,,
Faridpur District,Faridpur,Faridpur,Faridpur-1,https://en.wikipedia.org/wiki/Faridpur-1,Faridpur,Dhaka,,,,,,,,,,,,,,,
Faridpur District,Faridpur,Faridpur,Faridpur-2,https://en.wikipedia.org/wiki/Faridpur-2,Faridpur,Dhaka,,,,,,,,,,,,,,,
Faridpur District,Faridpur,Faridpur,Faridpur-3,https://en.wikipedia.org/wiki/Faridpur-3,Faridpur,Dhaka,,,,,,,,,,,,,,,
Faridpur District,Faridpur,Faridpur,Faridpur-4,https://en.wikipedia.org/wiki/Faridpur-4,Faridpur,Dhaka,,,,,,,,,,,,,,,
Gopalganj District,Gopalganj,Gopalganj,Gopalganj-1,https://en.wikipedia.org/wiki/Gopalganj-1,Gopalganj,Dhaka,,,,,,,,,,,,,,,
Gopalganj District,Gopalganj,Gopalganj,Gopalganj-2,https://en.wikipedia.org/wiki/Gopalganj-2,Gopalganj,Dhaka,,,,,,,,,,,,,,,
Gopalganj District,Gopalganj,Gopalganj,Gopalganj-3,https://en.wikipedia.org/wiki/Gopalganj-3,Gopalganj,Dhaka,,,,,,,,,,,,,,,
Madaripur District,Madaripur,Madaripur,Madaripur-1,https://en.wikipedia.org/wiki/Madaripur-1,Madaripur,Dhaka,,,,,,,,,,,,,,,
Madaripur District,Madaripur,Madaripur,Madaripur-2,https://en.wikipedia.org/wiki/Madaripur-2,Madaripur,Dhaka,,,,,,,,,,,,,,,
Madaripur District,Madaripur,Madaripur,Madaripur-3,https://en.wikipedia.org/wiki/Madaripur-3,Madaripur,Dhaka,,,,,,,,,,,,,,,
Shariatpur District,Shariatpur,Shariatpur,Shariatpur-1,https://en.wikipedia.org/wiki/Shariatpur-1,Shariatpur,Dhaka,,,,,,,,,,,,,,,
Shariatpur District,Shariatpur,Shariatpur,Shariatpur-2,https://en.wikipedia.org/wiki/Shariatpur-2,Shariatpur,Dhaka,,,,,,,,,,,,,,,
Shariatpur District,Shariatpur,Shariatpur,Shariatpur-3,https://en.wikipedia.org/wiki/Shariatpur-3,Shariatpur,Dhaka,,,,,,,,,,,,,,,
Sunamganj District,Sunamganj,Sunamganj,Sunamganj-1,https://en.wikipedia.org/wiki/Sunamganj-1,Sunamganj,Sylhet,,,,,,,,,,,,,,,
Sunamganj District,Sunamganj,Sunamganj,Sunamganj-2,https://en.wikipedia.org/wiki/Sunamganj-2,Sunamganj,Sylhet,,,,,,,,,,,,,,,
Sunamganj District,Sunamganj,Sunamganj,Sunamganj-3,https://en.wikipedia.org/wiki/Sunamganj-3,Sunamganj,Sylhet,,,,,,,,,,,,,,,
Sunamganj District,Sunamganj,Sunamganj,Sunamganj-4,https://en.wikipedia.org/wiki/Sunamganj-4,Sunamganj,Sylhet,,,,,,,,,,,,,,,
Sunamganj District,Sunamganj,Sunamganj,Sunamganj-5,https://en.wikipedia.org/wiki/Sunamganj-5,Sunamganj,Sylhet,,,,,,,,,,,,,,,
Sylhet District,Sylhet,Sylhet,Sylhet-1,https://en.wikipedia.org/wiki/Sylhet-1,Sylhet,Sylhet,,,,,,,,,,,,,,,
Sylhet District,Sylhet,Sylhet,Sylhet-2,https://en.wikipedia.org/wiki/Sylhet-2,Sylhet,Sylhet,,,,,,,,,,,,,,,
Sylhet District,Sylhet,Sylhet,Sylhet-3,https://en.wikipedia.org/wiki/Sylhet-3,Sylhet,Sylhet,,,,,,,,,,,,,,,
Sylhet District,Sylhet,Sylhet,Sylhet-4,https://en.wikipedia.org/wiki/Sylhet-4,Sylhet,Sylhet,,,,,,,,,,,,,,,
Sylhet District,Sylhet,Sylhet,Sylhet-5,https://en.wikipedia.org/wiki/Sylhet-5,Sylhet,Sylhet,,,,,,,,,,,,,,,
Sylhet District,Sylhet,Sylhet,Sylhet-6,https://en.wikipedia.org/wiki/Sylhet-6,Sylhet,Sylhet,,,,,,,,,,,,,,,
Moulvibazar District,Moulvibazar,Moulvibazar,Moulvibazar-1,https://en.wikipedia.org/wiki/Moulvibazar-1,Maulvibazar,Sylhet,,,,,,,,,,,,,,,
Moulvibazar District,Moulvibazar,Moulvibazar,Moulvibazar-2,https://en.wikipedia.org/wiki/Moulvibazar-2,Maulvibazar,Sylhet,,,,,,,,,,,,,,,
Moulvibazar District,Moulvibazar,Moulvibazar,Moulvibazar-3,https://en.wikipedia.org/wiki/Moulvibazar-3,Maulvibazar,Sylhet,,,,,,,,,,,,,,,
Moulvibazar District,Moulvibazar,Moulvibazar,Moulvibazar-4,https://en.wikipedia.org/wiki/Moulvibazar-4,Maulvibazar,Sylhet,,,,,,,,,,,,,,,
Habiganj District,Habiganj,Habiganj,Habiganj-1,https://en.wikipedia.org/wiki/Habiganj-1,Habiganj,Sylhet,,,,,,,,,,,,,,,
Habiganj District,Habiganj,Habiganj,Habiganj-2,https://en.wikipedia.org/wiki/Habiganj-2,Habiganj,Sylhet,,,,,,,,,,,,,,,
Habiganj District,Habiganj,Habiganj,Habiganj-3,https://en.wikipedia.org/wiki/Habiganj-3,Habiganj,Sylhet,,,,,,,,,,,,,,,
Habiganj District,Habiganj,Habiganj,Habiganj-4,https://en.wikipedia.org/wiki/Habiganj-4,Habiganj,Sylhet,,,,,,,,,,,,,,,
Brahmanbaria District,Brahmanbaria,Brahmanbaria,Brahmanbaria-1,https://en.wikipedia.org/wiki/Brahmanbaria-1,Brahamanbaria,Chattogram,,,,,,,,,,,,,,,
Brahmanbaria District,Brahmanbaria,Brahmanbaria,Brahmanbaria-2,https://en.wikipedia.org/wiki/Brahmanbaria-2,Brahamanbaria,Chattogram,,,,,,,,,,,,,,,
Brahmanbaria District,Brahmanbaria,Brahmanbaria,Brahmanbaria-3,https://en.wikipedia.org/wiki/Brahmanbaria-3,Brahamanbaria,Chattogram,,,,,,,,,,,,,,,
Brahmanbaria District,Brahmanbaria,Brahmanbaria,Brahmanbaria-4,https://en.wikipedia.org/wiki/Brahmanbaria-4,Brahamanbaria,Chattogram,,,,,,,,,,,,,,,
Brahmanbaria District,Brahmanbaria,Brahmanbaria,Brahmanbaria-5,https://en.wikipedia.org/wiki/Brahmanbaria-5,Brahamanbaria,Chattogram,,,,,,,,,,,,,,,
Brahmanbaria District,Brahmanbaria,Brahmanbaria,Brahmanbaria-6,https://en.wikipedia.org/wiki/Brahmanbaria-6,Brahamanbaria,Chattogram,,,,,,,,,,,,,,,
Cumilla District,Cumilla,Cumilla,Cumilla-1,https://en.wikipedia.org/wiki/Cumilla-1,Comilla,Chattogram,,,,,,,,,,,,,,,
Cumilla District,Cumilla,Cumilla,Cumilla-2,https://en.wikipedia.org/wiki/Cumilla-2,Comilla,Chattogram,,,,,,,,,,,,,,,
Cumilla District,Cumilla,Cumilla,Cumilla-3,https://en.wikipedia.org/wiki/Cumilla-3,Comilla,Chattogram,,,,,,,,,,,,,,,
Cumilla District,Cumilla,Cumilla,Cumilla-4,https://en.wikipedia.org/wiki/Cumilla-4,Comilla,Chattogram,,,,,,,,,,,,,,,
Cumilla District,Cumilla,Cumilla,Cumilla-5,https://en.wikipedia.org/wiki/Cumilla-5,Comilla,Chattogram,,,,,,,,,,,,,,,
Cumilla District,Cumilla,Cumilla,Cumilla-6,https://en.wikipedia.org/wiki/Cumilla-6,Comilla,Chattogram,,,,,,,,,,,,,,,
Cumilla District,Cumilla,Cumilla,Cumilla-7,https://en.wikipedia.org/wiki/Cumilla-7,Comilla,Chattogram,,,,,,,,,,,,,,,
Cumilla District,Cumilla,Cumilla,Cumilla-8,https://en.wikipedia.org/wiki/Cumilla-8,Comilla,Chattogram,,,,,,,,,,,,,,,
Cumilla District,Cumilla,Cumilla,Cumilla-9,https://en.wikipedia.org/wiki/Cumilla-9,Comilla,Chattogram,,,,,,,,,,,,,,,
Cumilla District,Cumilla,Cumilla,Cumilla-10,https://en.wikipedia.org/wiki/Cumilla-10,Comilla,Chattogram,,,,,,,,,,,,,,,
Cumilla District,Cumilla,Cumilla,Cumilla-11,https://en.wikipedia.org/wiki/Cumilla-11,Comilla,Chattogram,,,,,,,,,,,,,,,
Chandpur District,Chandpur,Chandpur,Chandpur-1,https://en.wikipedia.org/wiki/Chandpur-1,Chandpur,Chattogram,,,,,,,,,,,,,,,
Chandpur District,Chandpur,Chandpur,Chandpur-2,https://en.wikipedia.org/wiki/Chandpur-2,Chandpur,Chattogram,,,,,,,,,,,,,,,
Chandpur District,Chandpur,Chandpur,Chandpur-3,https://en.wikipedia.org/wiki/Chandpur-3,Chandpur,Chattogram,,,,,,,,,,,,,,,
Chandpur District,Chandpur,Chandpur,Chandpur-4,https://en.wikipedia.org/wiki/Chandpur-4,Chandpur,Chattogram,,,,,,,,,,,,,,,
Chandpur District,Chandpur,Chandpur,Chandpur-5,https://en.wikipedia.org/wiki/Chandpur-5,Chandpur,Chattogram,,,,,,,,,,,,,,,
Feni District,Feni,Feni,Feni-1,https://en.wikipedia.org/wiki/Feni-1,Feni,Chattogram,TBD,BNP,https://upload.wikimedia.org/wikipedia/commons/thumb/c/c9/Bangladesh_Nationalist_Party_election_symbol_Black_%26_White.svg/120px-Bangladesh_Nationalist_Party_election_symbol_Black_%26_White.svg.png,TBD,JP(E),https://upload.wikimedia.org/wikipedia/commons/thumb/b/b7/Symbol_of_Jatiya_Party.jpg/120px-Symbol_of_Jatiya_Party.jpg,ESM Kamal Uddin,JI,https://upload.wikimedia.org/wikipedia/commons/thumb/f/f2/Daripalla.png/120px-Daripalla.png,TBD,IAB,https://upload.wikimedia.org/wikipedia/commons/thumb/0/01/Symbol_of_Islami_Andolan_Bangladesh.svg/120px-Symbol_of_Islami_Andolan_Bangladesh.svg.png,,,
Feni District,Feni,Feni,Feni-2,https://en.wikipedia.org/wiki/Feni-2,Feni,Chattogram,,,,,,,,,,,,,,,
Feni District,Feni,Feni,Feni-3,https://en.wikipedia.org/wiki/Feni-3,Feni,Chattogram,,,,,,,,,,,,,,,
Noakhali District,Noakhali,Noakhali,Noakhali-1,https://en.wikipedia.org/wiki/Noakhali-1,Noakhali,Chattogram,,,,,,,,,,,,,,,
Noakhali District,Noakhali,Noakhali,Noakhali-2,https://en.wikipedia.org/wiki/Noakhali-2,Noakhali,Chattogram,,,,,,,,,,,,,,,
Noakhali District,Noakhali,Noakhali,Noakhali-3,https://en.wikipedia.org/wiki/Noakhali-3,Noakhali,Chattogram,,,,,,,,,,,,,,,
Noakhali District,Noakhali,Noakhali,Noakhali-4,https://en.wikipedia.org/wiki/Noakhali-4,Noakhali,Chattogram,,,,,,,,,,,,,,,
Noakhali District,Noakhali,Noakhali,Noakhali-5,https://en.wikipedia.org/wiki/Noakhali-5,Noakhali,Chattogram,,,,,,,,,,,,,,,
Noakhali District,Noakhali,Noakhali,Noakhali-6,https://en.wikipedia.org/wiki/Noakhali-6,Noakhali,Chattogram,,,,,,,,,,,,,,,
Lakshmipur District,Lakshmipur,Lakshmipur,Lakshmipur-1,https://en.wikipedia.org/wiki/Lakshmipur-1,Lakshmipur,Chattogram,,,,,,,,,,,,,,,
Lakshmipur District,Lakshmipur,Lakshmipur,Lakshmipur-2,https://en.wikipedia.org/wiki/Lakshmipur-2,Lakshmipur,Chattogram,,,,,,,,,,,,,,,
Lakshmipur District,Lakshmipur,Lakshmipur,Lakshmipur-3,https://en.wikipedia.org/wiki/Lakshmipur-3,Lakshmipur,Chattogram,,,,,,,,,,,,,,,
Lakshmipur District,Lakshmipur,Lakshmipur,Lakshmipur-4,https://en.wikipedia.org/wiki/Lakshmipur-4,Lakshmipur,Chattogram,,,,,,,,,,,,,,,
Chittagong District,Chittagong,Chattogram,Chattogram-1,https://en.wikipedia.org/wiki/Chattogram-1,Chittagong,Chattogram,Nural Amin,BNP,https://upload.wikimedia.org/wikipedia/commons/thumb/c/c9/Bangladesh_Nationalist_Party_election_symbol_Black_%26_White.svg/120px-Bangladesh_Nationalist_Party_election_symbol_Black_%26_White.svg.png,Saifur Rahman,JI,https://upload.wikimedia.org/wikipedia/commons/thumb/f/f2/Daripalla.png/120px-Daripalla.png,TBD,IAB,https://upload.wikimedia.org/wikipedia/commons/thumb/0/01/Symbol_of_Islami_Andolan_Bangladesh.svg/120px-Symbol_of_Islami_Andolan_Bangladesh.svg.png,TBD,NCP,https://upload.wikimedia.org/wikipedia/commons/thumb/3/32/%E0%A6%A8%E0%A6%BF%E0%A6%B0%E0%A7%8D%E0%A6%AC%E0%A6%BE%E0%A6%9A%E0%A6%A8%E0%A7%80_%E0%A6%AA%E0%A7%8D%E0%A6%B0%E0%A6%A4%E0%A7%80%E0%A6%95_%E0%A6%9C%E0%A6%BE%E0%A6%A4%E0%A7%80%E0%A6%AF%E0%A6%BC_%E0%A6%A8%E0%A6%BE%E0%A6%97%E0%A6%B0%E0%A6%BF%E0%A6%95_%E0%A6%AA%E0%A6%BE%E0%A6%B0%E0%A7%8D%E0%A6%9F%E0%A6%BF.svg/120px-%E0%A6%A8%E0%A6%BF%E0%A6%B0%E0%A7%8D%E0%A6%AC%E0%A6%BE%E0%A6%9A%E0%A6%A8%E0%A7%80_%E0%A6%AA%E0%A7%8D%E0%A6%B0%E0%A6%A4%E0%A7%80%E0%A6%95_%E0%A6%9C%E0%A6%BE%E0%A6%A4%E0%A7%80%E0%A6%AF%E0%A6%BC_%E0%A6%A8%E0%A6%BE%E0%A6%97%E0%A6%B0%E0%A6%BF%E0%A6%95_%E0%A6%AA%E0%A6%BE%E0%A6%B0%E0%A7%8D%E0%A6%9F%E0%A6%BF.svg.png,,,
Chittagong District,Chittagong,Chattogram,Chattogram-2,https://en.wikipedia.org/wiki/Chattogram-2,Chittagong,Chattogram,Sarwar Alamgir,BNP,https://upload.wikimedia.org/wikipedia/commons/thumb/c/c9/Bangladesh_Nationalist_Party_election_symbol_Black_%26_White.svg/120px-Bangladesh_Nationalist_Party_election_symbol_Black_%26_White.svg.png,Nural Amin,JI,https://upload.wikimedia.org/wikipedia/commons/thumb/f/f2/Daripalla.png/120px-Daripalla.png,TBD,IAB,https://upload.wikimedia.org/wikipedia/commons/thumb/0/01/Symbol_of_Islami_Andolan_Bangladesh.svg/120px-Symbol_of_Islami_Andolan_Bangladesh.svg.png,TBD,NCP,https://upload.wikimedia.org/wikipedia/commons/thumb/3/32/%E0%A6%A8%E0%A6%BF%E0%A6%B0%E0%A7%8D%E0%A6%AC%E0%A6%BE%E0%A6%9A%E0%A6%A8%E0%A7%80_%E0%A6%AA%E0%A7%8D%E0%A6%B0%E0%A6%A4%E0%A7%80%E0%A6%95_%E0%A6%9C%E0%A6%BE%E0%A6%A4%E0%A7%80%E0%A6%AF%E0%A6%BC_%E0%A6%A8%E0%A6%BE%E0%A6%97%E0%A6%B0%E0%A6%BF%E0%A6%95_%E0%A6%AA%E0%A6%BE%E0%A6%B0%E0%A7%8D%E0%A6%9F%E0%A6%BF.svg/120px-%E0%A6%A8%E0%A6%BF%E0%A6%B0%E0%A7%8D%E0%A6%AC%E0%A6%BE%E0%A6%9A%E0%A6%A8%E0%A7%80_%E0%A6%AA%E0%A7%8D%E0%A6%B0%E0%A6%A4%E0%A7%80%E0%A6%95_%E0%A6%9C%E0%A6%BE%E0%A6%A4%E0%A7%80%E0%A6%AF%E0%A6%BC_%E0%A6%A8%E0%A6%BE%E0%A6%97%E0%A6%B0%E0%A6%BF%E0%A6%95_%E0%A6%AA%E0%A6%BE%E0%A6%B0%E0%A7%8D%E0%A6%9F%E0%A6%BF.svg.png,,,
Chittagong District,Chittagong,Chattogram,Chattogram-3,https://en.wikipedia.org/wiki/Chattogram-3,Chittagong,Chattogram,Mostafa Kamal Pasha,BNP,https://upload.wikimedia.org/wikipedia/commons/thumb/c/c9/Bangladesh_Nationalist_Party_election_symbol_Black_%26_White.svg/120px-Bangladesh_Nationalist_Party_election_symbol_Black_%26_White.svg.png,Mohammad Alauddin Sikder,JI,https://upload.wikimedia.org/wikipedia/commons/thumb/f/f2/Daripalla.png/120px-Daripalla.png,Muhammad Amzad Hossain,IAB,https://upload.wikimedia.org/wikipedia/commons/thumb/0/01/Symbol_of_Islami_Andolan_Bangladesh.svg/120px-Symbol_of_Islami_Andolan_Bangladesh.svg.png,Chowdhury Hasan Sarwardy,LDP,,,,
Chittagong District,Chittagong,Chattogram,Chattogram-4,https://en.wikipedia.org/wiki/Chattogram-4,Chittagong,Chattogram,Mohammad Aslam Chowdhury,BNP,https://upload.wikimedia.org/wikipedia/commons/thumb/c/c9/Bangladesh_Nationalist_Party_election_symbol_Black_%26_White.svg/120px-Bangladesh_Nationalist_Party_election_symbol_Black_%26_White.svg.png,TBD,JP(E),https://upload.wikimedia.org/wikipedia/commons/thumb/b/b7/Symbol_of_Jatiya_Party.jpg/120px-Symbol_of_Jatiya_Party.jpg,Anowar Siddiqui Chowdhury,JI,https://upload.wikimedia.org/wikipedia/commons/thumb/f/f2/Daripalla.png/120px-Daripalla.png,TBD,IAB,https://upload.wikimedia.org/wikipedia/commons/thumb/0/01/Symbol_of_Islami_Andolan_Bangladesh.svg/120px-Symbol_of_Islami_Andolan_Bangladesh.svg.png,TBD,NCP,https://upload.wikimedia.org/wikipedia/commons/thumb/3/32/%E0%A6%A8%E0%A6%BF%E0%A6%B0%E0%A7%8D%E0%A6%AC%E0%A6%BE%E0%A6%9A%E0%A6%A8%E0%A7%80_%E0%A6%AA%E0%A7%8D%E0%A6%B0%E0%A6%A4%E0%A7%80%E0%A6%95_%E0%A6%9C%E0%A6%BE%E0%A6%A4%E0%A7%80%E0%A6%AF%E0%A6%BC_%E0%A6%A8%E0%A6%BE%E0%A6%97%E0%A6%B0%E0%A6%BF%E0%A6%95_%E0%A6%AA%E0%A6%BE%E0%A6%B0%E0%A7%8D%E0%A6%9F%E0%A6%BF.svg/120px-%E0%A6%A8%E0%A6%BF%E0%A6%B0%E0%A7%8D%E0%A6%AC%E0%A6%BE%E0%A6%9A%E0%A6%A8%E0%A7%80_%E0%A6%AA%E0%A7%8D%E0%A6%B0%E0%A6%A4%E0%A7%80%E0%A6%95_%E0%A6%9C%E0%A6%BE%E0%A6%A4%E0%A7%80%E0%A6%AF%E0%A6%BC_%E0%A6%A8%E0%A6%BE%E0%A6%97%E0%A6%B0%E0%A6%BF%E0%A6%95_%E0%A6%AA%E0%A6%BE%E0%A6%B0%E0%A7%8D%E0%A6%9F%E0%A6%BF.svg.png
Chittagong District,Chittagong,Chattogram,Chattogram-5,https://en.wikipedia.org/wiki/Chattogram-5,Chittagong,Chattogram,Mir Mohammed Helal Uddin,BNP,https://upload.wikimedia.org/wikipedia/commons/thumb/c/c9/Bangladesh_Nationalist_Party_election_symbol_Black_%26_White.svg/120px-Bangladesh_Nationalist_Party_election_symbol_Black_%26_White.svg.png,Anisul Islam Mahmud,JP(E),https://upload.wikimedia.org/wikipedia/commons/thumb/b/b7/Symbol_of_Jatiya_Party.jpg/120px-Symbol_of_Jatiya_Party.jpg,Abdul Malek Chowdhury,JI,https://upload.wikimedia.org/wikipedia/commons/thumb/f/f2/Daripalla.png/120px-Daripalla.png,TBD,IAB,https://upload.wikimedia.org/wikipedia/commons/thumb/0/01/Symbol_of_Islami_Andolan_Bangladesh.svg/120px-Symbol_of_Islami_Andolan_Bangladesh.svg.png,,,
Chittagong District,Chittagong,Chattogram,Chattogram-6,https://en.wikipedia.org/wiki/Chattogram-6,Chittagong,Chattogram,Golam Akbar Khondakar,BNP,https://upload.wikimedia.org/wikipedia/commons/thumb/c/c9/Bangladesh_Nationalist_Party_election_symbol_Black_%26_White.svg/120px-Bangladesh_Nationalist_Party_election_symbol_Black_%26_White.svg.png,TBD,JP(E),https://upload.wikimedia.org/wikipedia/commons/thumb/b/b7/Symbol_of_Jatiya_Party.jpg/120px-Symbol_of_Jatiya_Party.jpg,Shahjahan Manju,JI,https://upload.wikimedia.org/wikipedia/commons/thumb/f/f2/Daripalla.png/120px-Daripalla.png,TBD,IAB,https://upload.wikimedia.org/wikipedia/commons/thumb/0/01/Symbol_of_Islami_Andolan_Bangladesh.svg/120px-Symbol_of_Islami_Andolan_Bangladesh.svg.png,Giasuddin Quader Chowdhury,Independent,
Chittagong District,Chittagong,Chattogram,Chattogram-7,https://en.wikipedia.org/wiki/Chattogram-7,Chittagong,Chattogram,Hummam Quader Chowdhury,BNP,https://upload.wikimedia.org/wikipedia/commons/thumb/c/c9/Bangladesh_Nationalist_Party_election_symbol_Black_%26_White.svg/120px-Bangladesh_Nationalist_Party_election_symbol_Black_%26_White.svg.png,TBD,JP(E),https://upload.wikimedia.org/wikipedia/commons/thumb/b/b7/Symbol_of_Jatiya_Party.jpg/120px-Symbol_of_Jatiya_Party.jpg,Dr. ATM Rezaul Karim,JI,https://upload.wikimedia.org/wikipedia/commons/thumb/f/f2/Daripalla.png/120px-Daripalla.png,TBD,IAB,https://upload.wikimedia.org/wikipedia/commons/thumb/0/01/Symbol_of_Islami_Andolan_Bangladesh.svg/120px-Symbol_of_Islami_Andolan_Bangladesh.svg.png,,,
Chittagong District,Chittagong,Chattogram,Chattogram-8,https://en.wikipedia.org/wiki/Chattogram-8,Chittagong,Chattogram,Ershad Ullah,BNP,https://upload.wikimedia.org/wikipedia/commons/thumb/c/c9/Bangladesh_Nationalist_Party_election_symbol_Black_%26_White.svg/120px-Bangladesh_Nationalist_Party_election_symbol_Black_%26_White.svg.png,TBD,JP(E),https://upload.wikimedia.org/wikipedia/commons/thumb/b/b7/Symbol_of_Jatiya_Party.jpg/120px-Symbol_of_Jatiya_Party.jpg,Dr. Md. Abu Naser,JI,https://upload.wikimedia.org/wikipedia/commons/thumb/f/f2/Daripalla.png/120px-Daripalla.png,TBD,IAB,https://upload.wikimedia.org/wikipedia/commons/thumb/0/01/Symbol_of_Islami_Andolan_Bangladesh.svg/120px-Symbol_of_Islami_Andolan_Bangladesh.svg.png,,,
Chittagong District,Chittagong,Chattogram,Chattogram-9,https://en.wikipedia.org/wiki/Chattogram-9,Chittagong,Chattogram,Mohammad Abu Sufiyan,BNP,https://upload.wikimedia.org/wikipedia/commons/thumb/c/c9/Bangladesh_Nationalist_Party_election_symbol_Black_%26_White.svg/120px-Bangladesh_Nationalist_Party_election_symbol_Black_%26_White.svg.png,Solaiman Alam Seth,JP(E),https://upload.wikimedia.org/wikipedia/commons/thumb/b/b7/Symbol_of_Jatiya_Party.jpg/120px-Symbol_of_Jatiya_Party.jpg,Dr. AKM Fazlul Haque,JI,https://upload.wikimedia.org/wikipedia/commons/thumb/f/f2/Daripalla.png/120px-Daripalla.png,TBD,IAB,https://upload.wikimedia.org/wikipedia/commons/thumb/0/01/Symbol_of_Islami_Andolan_Bangladesh.svg/120px-Symbol_of_Islami_Andolan_Bangladesh.svg.png,,,
Chittagong District,Chittagong,Chattogram,Chattogram-10,https://en.wikipedia.org/wiki/Chattogram-10,Chittagong,Chattogram,,,,,,,,,,,,,,,
Chittagong District,Chittagong,Chattogram,Chattogram-11,https://en.wikipedia.org/wiki/Chattogram-11,Chittagong,Chattogram,Amir Khasru Mahmud Chowdhury,BNP,https://upload.wikimedia.org/wikipedia/commons/thumb/c/c9/Bangladesh_Nationalist_Party_election_symbol_Black_%26_White.svg/120px-Bangladesh_Nationalist_Party_election_symbol_Black_%26_White.svg.png,TBD,JP(E),https://upload.wikimedia.org/wikipedia/commons/thumb/b/b7/Symbol_of_Jatiya_Party.jpg/120px-Symbol_of_Jatiya_Party.jpg,Mohammad Shafiul Alam,JI,https://upload.wikimedia.org/wikipedia/commons/thumb/f/f2/Daripalla.png/120px-Daripalla.png,Noor Uddin,IAB,https://upload.wikimedia.org/wikipedia/commons/thumb/0/01/Symbol_of_Islami_Andolan_Bangladesh.svg/120px-Symbol_of_Islami_Andolan_Bangladesh.svg.png,Mohammad Azad Dovash,NCP,https://upload.wikimedia.org/wikipedia/commons/thumb/3/32/%E0%A6%A8%E0%A6%BF%E0%A6%B0%E0%A7%8D%E0%A6%AC%E0%A6%BE%E0%A6%9A%E0%A6%A8%E0%A7%80_%E0%A6%AA%E0%A7%8D%E0%A6%B0%E0%A6%A4%E0%A7%80%E0%A6%95_%E0%A6%9C%E0%A6%BE%E0%A6%A4%E0%A7%80%E0%A6%AF%E0%A6%BC_%E0%A6%A8%E0%A6%BE%E0%A6%97%E0%A6%B0%E0%A6%BF%E0%A6%95_%E0%A6%AA%E0%A6%BE%E0%A6%B0%E0%A7%8D%E0%A6%9F%E0%A6%BF.svg/120px-%E0%A6%A8%E0%A6%BF%E0%A6%B0%E0%A7%8D%E0%A6%AC%E0%A6%BE%E0%A6%9A%E0%A6%A8%E0%A7%80_%E0%A6%AA%E0%A7%8D%E0%A6%B0%E0%A6%A4%E0%A7%80%E0%A6%95_%E0%A6%9C%E0%A6%BE%E0%A6%A4%E0%A7%80%E0%A6%AF%E0%A6%BC_%E0%A6%A8%E0%A6%BE%E0%A6%97%E0%A6%B0%E0%A6%BF%E0%A6%95_%E0%A6%AA%E0%A6%BE%E0%A6%B0%E0%A7%8D%E0%A6%9F%E0%A6%BF.svg.png
Chittagong District,Chittagong,Chattogram,Chattogram-12,https://en.wikipedia.org/wiki/Chattogram-12,Chittagong,Chattogram,Enamul Haque Enam,BNP,https://upload.wikimedia.org/wikipedia/commons/thumb/c/c9/Bangladesh_Nationalist_Party_election_symbol_Black_%26_White.svg/120px-Bangladesh_Nationalist_Party_election_symbol_Black_%26_White.svg.png,Sirajul Islam Chowdhury,JP(E),https://upload.wikimedia.org/wikipedia/commons/thumb/b/b7/Symbol_of_Jatiya_Party.jpg/120px-Symbol_of_Jatiya_Party.jpg,Farid Ul Alam,JI,https://upload.wikimedia.org/wikipedia/commons/thumb/f/f2/Daripalla.png/120px-Daripalla.png,TBD,IAB,https://upload.wikimedia.org/wikipedia/commons/thumb/0/01/Symbol_of_Islami_Andolan_Bangladesh.svg/120px-Symbol_of_Islami_Andolan_Bangladesh.svg.png,TBD,NCP,https://upload.wikimedia.org/wikipedia/commons/thumb/3/32/%E0%A6%A8%E0%A6%BF%E0%A6%B0%E0%A7%8D%E0%A6%AC%E0%A6%BE%E0%A6%9A%E0%A6%A8%E0%A7%80_%E0%A6%AA%E0%A7%8D%E0%A6%B0%E0%A6%A4%E0%A7%80%E0%A6%95_%E0%A6%9C%E0%A6%BE%E0%A6%A4%E0%A7%80%E0%A6%AF%E0%A6%BC_%E0%A6%A8%E0%A6%BE%E0%A6%97%E0%A6%B0%E0%A6%BF%E0%A6%95_%E0%A6%AA%E0%A6%BE%E0%A6%B0%E0%A7%8D%E0%A6%9F%E0%A6%BF.svg/120px-%E0%A6%A8%E0%A6%BF%E0%A6%B0%E0%A7%8D%E0%A6%AC%E0%A6%BE%E0%A6%9A%E0%A6%A8%E0%A7%80_%E0%A6%AA%E0%A7%8D%E0%A6%B0%E0%A6%A4%E0%A7%80%E0%A6%95_%E0%A6%9C%E0%A6%BE%E0%A6%A4%E0%A7%80%E0%A6%AF%E0%A6%BC_%E0%A6%A8%E0%A6%BE%E0%A6%97%E0%A6%B0%E0%A6%BF%E0%A6%95_%E0%A6%AA%E0%A6%BE%E0%A6%B0%E0%A7%8D%E0%A6%9F%E0%A6%BF.svg.png
Chittagong District,Chittagong,Chattogram,Chattogram-13,https://en.wikipedia.org/wiki/Chattogram-13,Chittagong,Chattogram,Sarwar Jamal Nizam,BNP,https://upload.wikimedia.org/wikipedia/commons/thumb/c/c9/Bangladesh_Nationalist_Party_election_symbol_Black_%26_White.svg/120px-Bangladesh_Nationalist_Party_election_symbol_Black_%26_White.svg.png,TBD,JP(E),https://upload.wikimedia.org/wikipedia/commons/thumb/b/b7/Symbol_of_Jatiya_Party.jpg/120px-Symbol_of_Jatiya_Party.jpg,Mahmudul Hasan,JI,https://upload.wikimedia.org/wikipedia/commons/thumb/f/f2/Daripalla.png/120px-Daripalla.png,TBD,IAB,https://upload.wikimedia.org/wikipedia/commons/thumb/0/01/Symbol_of_Islami_Andolan_Bangladesh.svg/120px-Symbol_of_Islami_Andolan_Bangladesh.svg.png,Jubairul Alam Manik,NCP,https://upload.wikimedia.org/wikipedia/commons/thumb/3/32/%E0%A6%A8%E0%A6%BF%E0%A6%B0%E0%A7%8D%E0%A6%AC%E0%A6%BE%E0%A6%9A%E0%A6%A8%E0%A7%80_%E0%A6%AA%E0%A7%8D%E0%A6%B0%E0%A6%A4%E0%A7%80%E0%A6%95_%E0%A6%9C%E0%A6%BE%E0%A6%A4%E0%A7%80%E0%A6%AF%E0%A6%BC_%E0%A6%A8%E0%A6%BE%E0%A6%97%E0%A6%B0%E0%A6%BF%E0%A6%95_%E0%A6%AA%E0%A6%BE%E0%A6%B0%E0%A7%8D%E0%A6%9F%E0%A6%BF.svg/120px-%E0%A6%A8%E0%A6%BF%E0%A6%B0%E0%A7%8D%E0%A6%AC%E0%A6%BE%E0%A6%9A%E0%A6%A8%E0%A7%80_%E0%A6%AA%E0%A7%8D%E0%A6%B0%E0%A6%A4%E0%A7%80%E0%A6%95_%E0%A6%9C%E0%A6%BE%E0%A6%A4%E0%A7%80%E0%A6%AF%E0%A6%BC_%E0%A6%A8%E0%A6%BE%E0%A6%97%E0%A6%B0%E0%A6%BF%E0%A6%95_%E0%A6%AA%E0%A6%BE%E0%A6%B0%E0%A7%8D%E0%A6%9F%E0%A6%BF.svg.png
Chittagong District,Chittagong,Chattogram,Chattogram-14,https://en.wikipedia.org/wiki/Chattogram-14,Chittagong,Chattogram,Omar Faruque,LDP,,TBD,JP(E),https://upload.wikimedia.org/wikipedia/commons/thumb/b/b7/Symbol_of_Jatiya_Party.jpg/120px-Symbol_of_Jatiya_Party.jpg,Shahadat Hossain,JI,https://upload.wikimedia.org/wikipedia/commons/thumb/f/f2/Daripalla.png/120px-Daripalla.png,TBD,IAB,https://upload.wikimedia.org/wikipedia/commons/thumb/0/01/Symbol_of_Islami_Andolan_Bangladesh.svg/120px-Symbol_of_Islami_Andolan_Bangladesh.svg.png,Muhammad Hasan Ali,NCP,https://upload.wikimedia.org/wikipedia/commons/thumb/3/32/%E0%A6%A8%E0%A6%BF%E0%A6%B0%E0%A7%8D%E0%A6%AC%E0%A6%BE%E0%A6%9A%E0%A6%A8%E0%A7%80_%E0%A6%AA%E0%A7%8D%E0%A6%B0%E0%A6%A4%E0%A7%80%E0%A6%95_%E0%A6%9C%E0%A6%BE%E0%A6%A4%E0%A7%80%E0%A6%AF%E0%A6%BC_%E0%A6%A8%E0%A6%BE%E0%A6%97%E0%A6%B0%E0%A6%BF%E0%A6%95_%E0%A6%AA%E0%A6%BE%E0%A6%B0%E0%A7%8D%E0%A6%9F%E0%A6%BF.svg/120px-%E0%A6%A8%E0%A6%BF%E0%A6%B0%E0%A7%8D%E0%A6%AC%E0%A6%BE%E0%A6%9A%E0%A6%A8%E0%A7%80_%E0%A6%AA%E0%A7%8D%E0%A6%B0%E0%A6%A4%E0%A7%80%E0%A6%95_%E0%A6%9C%E0%A6%BE%E0%A6%A4%E0%A7%80%E0%A6%AF%E0%A6%BC_%E0%A6%A8%E0%A6%BE%E0%A6%97%E0%A6%B0%E0%A6%BF%E0%A6%95_%E0%A6%AA%E0%A6%BE%E0%A6%B0%E0%A7%8D%E0%A6%9F%E0%A6%BF.svg.png
Chittagong District,Chittagong,Chattogram,Chattogram-15,https://en.wikipedia.org/wiki/Chattogram-15,Chittagong,Chattogram,Najmul Mostafa Amin,BNP,https://upload.wikimedia.org/wikipedia/commons/thumb/c/c9/Bangladesh_Nationalist_Party_election_symbol_Black_%26_White.svg/120px-Bangladesh_Nationalist_Party_election_symbol_Black_%26_White.svg.png,TBD,JP(E),https://upload.wikimedia.org/wikipedia/commons/thumb/b/b7/Symbol_of_Jatiya_Party.jpg/120px-Symbol_of_Jatiya_Party.jpg,Shajahan Chowdhury,JI,https://upload.wikimedia.org/wikipedia/commons/thumb/f/f2/Daripalla.png/120px-Daripalla.png,TBD,IAB,https://upload.wikimedia.org/wikipedia/commons/thumb/0/01/Symbol_of_Islami_Andolan_Bangladesh.svg/120px-Symbol_of_Islami_Andolan_Bangladesh.svg.png,Abdul Mabud Syed,NCP,https://upload.wikimedia.org/wikipedia/commons/thumb/3/32/%E0%A6%A8%E0%A6%BF%E0%A6%B0%E0%A7%8D%E0%A6%AC%E0%A6%BE%E0%A6%9A%E0%A6%A8%E0%A7%80_%E0%A6%AA%E0%A7%8D%E0%A6%B0%E0%A6%A4%E0%A7%80%E0%A6%95_%E0%A6%9C%E0%A6%BE%E0%A6%A4%E0%A7%80%E0%A6%AF%E0%A6%BC_%E0%A6%A8%E0%A6%BE%E0%A6%97%E0%A6%B0%E0%A6%BF%E0%A6%95_%E0%A6%AA%E0%A6%BE%E0%A6%B0%E0%A7%8D%E0%A6%9F%E0%A6%BF.svg/120px-%E0%A6%A8%E0%A6%BF%E0%A6%B0%E0%A7%8D%E0%A6%AC%E0%A6%BE%E0%A6%9A%E0%A6%A8%E0%A7%80_%E0%A6%AA%E0%A7%8D%E0%A6%B0%E0%A6%A4%E0%A7%80%E0%A6%95_%E0%A6%9C%E0%A6%BE%E0%A6%A4%E0%A7%80%E0%A6%AF%E0%A6%BC_%E0%A6%A8%E0%A6%BE%E0%A6%97%E0%A6%B0%E0%A6%BF%E0%A6%95_%E0%A6%AA%E0%A6%BE%E0%A6%B0%E0%A7%8D%E0%A6%9F%E0%A6%BF.svg.png
Chittagong District,Chittagong,Chattogram,Chattogram-16,https://en.wikipedia.org/wiki/Chattogram-16,Chittagong,Chattogram,Miskatul Islam Chowdhury Pappa,BNP,https://upload.wikimedia.org/wikipedia/commons/thumb/c/c9/Bangladesh_Nationalist_Party_election_symbol_Black_%26_White.svg/120px-Bangladesh_Nationalist_Party_election_symbol_Black_%26_White.svg.png,TBD,JP(E),https://upload.wikimedia.org/wikipedia/commons/thumb/b/b7/Symbol_of_Jatiya_Party.jpg/120px-Symbol_of_Jatiya_Party.jpg,Muhammad Jahirul Islam,JI,https://upload.wikimedia.org/wikipedia/commons/thumb/f/f2/Daripalla.png/120px-Daripalla.png,TBD,IAB,https://upload.wikimedia.org/wikipedia/commons/thumb/0/01/Symbol_of_Islami_Andolan_Bangladesh.svg/120px-Symbol_of_Islami_Andolan_Bangladesh.svg.png,Mir Arshadul Haque,NCP,https://upload.wikimedia.org/wikipedia/commons/thumb/3/32/%E0%A6%A8%E0%A6%BF%E0%A6%B0%E0%A7%8D%E0%A6%AC%E0%A6%BE%E0%A6%9A%E0%A6%A8%E0%A7%80_%E0%A6%AA%E0%A7%8D%E0%A6%B0%E0%A6%A4%E0%A7%80%E0%A6%95_%E0%A6%9C%E0%A6%BE%E0%A6%A4%E0%A7%80%E0%A6%AF%E0%A6%BC_%E0%A6%A8%E0%A6%BE%E0%A6%97%E0%A6%B0%E0%A6%BF%E0%A6%95_%E0%A6%AA%E0%A6%BE%E0%A6%B0%E0%A7%8D%E0%A6%9F%E0%A6%BF.svg/120px-%E0%A6%A8%E0%A6%BF%E0%A6%B0%E0%A7%8D%E0%A6%AC%E0%A6%BE%E0%A6%9A%E0%A6%A8%E0%A7%80_%E0%A6%AA%E0%A7%8D%E0%A6%B0%E0%A6%A4%E0%A7%80%E0%A6%95_%E0%A6%9C%E0%A6%BE%E0%A6%A4%E0%A7%80%E0%A6%AF%E0%A6%BC_%E0%A6%A8%E0%A6%BE%E0%A6%97%E0%A6%B0%E0%A6%BF%E0%A6%95_%E0%A6%AA%E0%A6%BE%E0%A6%B0%E0%A7%8D%E0%A6%9F%E0%A6%BF.svg.png
Cox's Bazar District,Cox's Bazar,Cox's Bazar,Cox's Bazar-1,https://en.wikipedia.org/wiki/Cox%27s_Bazar-1,Cox's Bazar,Chattogram,Salahuddin Ahmed,BNP,https://upload.wikimedia.org/wikipedia/commons/thumb/c/c9/Bangladesh_Nationalist_Party_election_symbol_Black_%26_White.svg/120px-Bangladesh_Nationalist_Party_election_symbol_Black_%26_White.svg.png,TBD,JP(E),https://upload.wikimedia.org/wikipedia/commons/thumb/b/b7/Symbol_of_Jatiya_Party.jpg/120px-Symbol_of_Jatiya_Party.jpg,Abdullah Al Faruk,JI,https://upload.wikimedia.org/wikipedia/commons/thumb/f/f2/Daripalla.png/120px-Daripalla.png,TBD,IAB,https://upload.wikimedia.org/wikipedia/commons/thumb/0/01/Symbol_of_Islami_Andolan_Bangladesh.svg/120px-Symbol_of_Islami_Andolan_Bangladesh.svg.png,Maimul Ahsan Khan,NCP,https://upload.wikimedia.org/wikipedia/commons/thumb/3/32/%E0%A6%A8%E0%A6%BF%E0%A6%B0%E0%A7%8D%E0%A6%AC%E0%A6%BE%E0%A6%9A%E0%A6%A8%E0%A7%80_%E0%A6%AA%E0%A7%8D%E0%A6%B0%E0%A6%A4%E0%A7%80%E0%A6%95_%E0%A6%9C%E0%A6%BE%E0%A6%A4%E0%A7%80%E0%A6%AF%E0%A6%BC_%E0%A6%A8%E0%A6%BE%E0%A6%97%E0%A6%B0%E0%A6%BF%E0%A6%95_%E0%A6%AA%E0%A6%BE%E0%A6%B0%E0%A7%8D%E0%A6%9F%E0%A6%BF.svg/120px-%E0%A6%A8%E0%A6%BF%E0%A6%B0%E0%A7%8D%E0%A6%AC%E0%A6%BE%E0%A6%9A%E0%A6%A8%E0%A7%80_%E0%A6%AA%E0%A7%8D%E0%A6%B0%E0%A6%A4%E0%A7%80%E0%A6%95_%E0%A6%9C%E0%A6%BE%E0%A6%A4%E0%A7%80%E0%A6%AF%E0%A6%BC_%E0%A6%A8%E0%A6%BE%E0%A6%97%E0%A6%B0%E0%A6%BF%E0%A6%95_%E0%A6%AA%E0%A6%BE%E0%A6%B0%E0%A7%8D%E0%A6%9F%E0%A6%BF.svg.png
Cox's Bazar District,Cox's Bazar,Cox's Bazar,Cox's Bazar-2,https://en.wikipedia.org/wiki/Cox%27s_Bazar-2,Cox's Bazar,Chattogram,Alamgir Mohammad Mahfuzullah Farid,BNP,https://upload.wikimedia.org/wikipedia/commons/thumb/c/c9/Bangladesh_Nationalist_Party_election_symbol_Black_%26_White.svg/120px-Bangladesh_Nationalist_Party_election_symbol_Black_%26_White.svg.png,TBD,JP(E),https://upload.wikimedia.org/wikipedia/commons/thumb/b/b7/Symbol_of_Jatiya_Party.jpg/120px-Symbol_of_Jatiya_Party.jpg,A. H. M. Hamidur Rahman Azad,JI,https://upload.wikimedia.org/wikipedia/commons/thumb/f/f2/Daripalla.png/120px-Daripalla.png,TBD,IAB,https://upload.wikimedia.org/wikipedia/commons/thumb/0/01/Symbol_of_Islami_Andolan_Bangladesh.svg/120px-Symbol_of_Islami_Andolan_Bangladesh.svg.png,Abu Sayeed Muhammad Shuja Uddin,NCP,https://upload.wikimedia.org/wikipedia/commons/thumb/3/32/%E0%A6%A8%E0%A6%BF%E0%A6%B0%E0%A7%8D%E0%A6%AC%E0%A6%BE%E0%A6%9A%E0%A6%A8%E0%A7%80_%E0%A6%AA%E0%A7%8D%E0%A6%B0%E0%A6%A4%E0%A7%80%E0%A6%95_%E0%A6%9C%E0%A6%BE%E0%A6%A4%E0%A7%80%E0%A6%AF%E0%A6%BC_%E0%A6%A8%E0%A6%BE%E0%A6%97%E0%A6%B0%E0%A6%BF%E0%A6%95_%E0%A6%AA%E0%A6%BE%E0%A6%B0%E0%A7%8D%E0%A6%9F%E0%A6%BF.svg/120px-%E0%A6%A8%E0%A6%BF%E0%A6%B0%E0%A7%8D%E0%A6%AC%E0%A6%BE%E0%A6%9A%E0%A6%A8%E0%A7%80_%E0%A6%AA%E0%A7%8D%E0%A6%B0%E0%A6%A4%E0%A7%80%E0%A6%95_%E0%A6%9C%E0%A6%BE%E0%A6%A4%E0%A7%80%E0%A6%AF%E0%A6%BC_%E0%A6%A8%E0%A6%BE%E0%A6%97%E0%A6%B0%E0%A6%BF%E0%A6%95_%E0%A6%AA%E0%A6%BE%E0%A6%B0%E0%A7%8D%E0%A6%9F%E0%A6%BF.svg.png
Cox's Bazar District,Cox's Bazar,Cox's Bazar,Cox's Bazar-3,https://en.wikipedia.org/wiki/Cox%27s_Bazar-3,Cox's Bazar,Chattogram,Lutfur Rahman Kajal,BNP,https://upload.wikimedia.org/wikipedia/commons/thumb/c/c9/Bangladesh_Nationalist_Party_election_symbol_Black_%26_White.svg/120px-Bangladesh_Nationalist_Party_election_symbol_Black_%26_White.svg.png,TBD,JP(E),https://upload.wikimedia.org/wikipedia/commons/thumb/b/b7/Symbol_of_Jatiya_Party.jpg/120px-Symbol_of_Jatiya_Party.jpg,Shahidul Alam Bahadur,JI,https://upload.wikimedia.org/wikipedia/commons/thumb/f/f2/Daripalla.png/120px-Daripalla.png,TBD,IAB,https://upload.wikimedia.org/wikipedia/commons/thumb/0/01/Symbol_of_Islami_Andolan_Bangladesh.svg/120px-Symbol_of_Islami_Andolan_Bangladesh.svg.png,TBD,NCP,https://upload.wikimedia.org/wikipedia/commons/thumb/3/32/%E0%A6%A8%E0%A6%BF%E0%A6%B0%E0%A7%8D%E0%A6%AC%E0%A6%BE%E0%A6%9A%E0%A6%A8%E0%A7%80_%E0%A6%AA%E0%A7%8D%E0%A6%B0%E0%A6%A4%E0%A7%80%E0%A6%95_%E0%A6%9C%E0%A6%BE%E0%A6%A4%E0%A7%80%E0%A6%AF%E0%A6%BC_%E0%A6%A8%E0%A6%BE%E0%A6%97%E0%A6%B0%E0%A6%BF%E0%A6%95_%E0%A6%AA%E0%A6%BE%E0%A6%B0%E0%A7%8D%E0%A6%9F%E0%A6%BF.svg/120px-%E0%A6%A8%E0%A6%BF%E0%A6%B0%E0%A7%8D%E0%A6%AC%E0%A6%BE%E0%A6%9A%E0%A6%A8%E0%A7%80_%E0%A6%AA%E0%A7%8D%E0%A6%B0%E0%A6%A4%E0%A7%80%E0%A6%95_%E0%A6%9C%E0%A6%BE%E0%A6%A4%E0%A7%80%E0%A6%AF%E0%A6%BC_%E0%A6%A8%E0%A6%BE%E0%A6%97%E0%A6%B0%E0%A6%BF%E0%A6%95_%E0%A6%AA%E0%A6%BE%E0%A6%B0%E0%A7%8D%E0%A6%9F%E0%A6%BF.svg.png
Cox's Bazar District,Cox's Bazar,Cox's Bazar,Cox's Bazar-4,https://en.wikipedia.org/wiki/Cox%27s_Bazar-4,Cox's Bazar,Chattogram,Shahjahan Chowdhury,BNP,https://upload.wikimedia.org/wikipedia/commons/thumb/c/c9/Bangladesh_Nationalist_Party_election_symbol_Black_%26_White.svg/120px-Bangladesh_Nationalist_Party_election_symbol_Black_%26_White.svg.png,TBD,JP(E),https://upload.wikimedia.org/wikipedia/commons/thumb/b/b7/Symbol_of_Jatiya_Party.jpg/120px-Symbol_of_Jatiya_Party.jpg,Nur Ahmed Anwari,JI,https://upload.wikimedia.org/wikipedia/commons/thumb/f/f2/Daripalla.png/120px-Daripalla.png,TBD,IAB,https://upload.wikimedia.org/wikipedia/commons/thumb/0/01/Symbol_of_Islami_Andolan_Bangladesh.svg/120px-Symbol_of_Islami_Andolan_Bangladesh.svg.png,Muhammad Hossain,NCP,https://upload.wikimedia.org/wikipedia/commons/thumb/3/32/%E0%A6%A8%E0%A6%BF%E0%A6%B0%E0%A7%8D%E0%A6%AC%E0%A6%BE%E0%A6%9A%E0%A6%A8%E0%A7%80_%E0%A6%AA%E0%A7%8D%E0%A6%B0%E0%A6%A4%E0%A7%80%E0%A6%95_%E0%A6%9C%E0%A6%BE%E0%A6%A4%E0%A7%80%E0%A6%AF%E0%A6%BC_%E0%A6%A8%E0%A6%BE%E0%A6%97%E0%A6%B0%E0%A6%BF%E0%A6%95_%E0%A6%AA%E0%A6%BE%E0%A6%B0%E0%A7%8D%E0%A6%9F%E0%A6%BF.svg/120px-%E0%A6%A8%E0%A6%BF%E0%A6%B0%E0%A7%8D%E0%A6%AC%E0%A6%BE%E0%A6%9A%E0%A6%A8%E0%A7%80_%E0%A6%AA%E0%A7%8D%E0%A6%B0%E0%A6%A4%E0%A7%80%E0%A6%95_%E0%A6%9C%E0%A6%BE%E0%A6%A4%E0%A7%80%E0%A6%AF%E0%A6%BC_%E0%A6%A8%E0%A6%BE%E0%A6%97%E0%A6%B0%E0%A6%BF%E0%A6%95_%E0%A6%AA%E0%A6%BE%E0%A6%B0%E0%A7%8D%E0%A6%9F%E0%A6%BF.svg.png
Chittagong Hill Tracts,Chittagong Hill Tracts,Khagrachari,Khagrachari,https://en.wikipedia.org/wiki/Khagrachari,Khagrachhari,Chattogram,,,,,,,,,,,,,,,
Chittagong Hill Tracts,Chittagong Hill Tracts,Rangamati,Rangamati,https://en.wikipedia.org/wiki/Rangamati,Rangamati,Chattogram,,,,,,,,,,,,,,,
Chittagong Hill Tracts,Chittagong Hill Tracts,Bandarban,Bandarban,https://en.wikipedia.org/wiki/Bandarban,Bandarban,Chattogram,,,,,,,,,,,,,,,
